Username,Date,Day,Time of day,Version,Task
name,2021:02:04,Thu,06:03:51 PM,version=0.1,walk,
name,2021:02:04,Thu,06:03:51 PM,version=0.1,walk,
name,2021:02:04,Thu,06:03:51 PM,version=0.1,walk,
name,2021:02:04,Thu,06:03:51 PM,version=0.1,walk,
name,2021:02:04,Thu,06:03:51 PM,version=0.1,walk,
name,2021:02:04,Thu,06:03:51 PM,version=0.1,walk,
name,2021:02:04,Thu,06:03:51 PM,version=0.1,walk,
name,2021:02:04,Thu,06:03:51 PM,version=0.1,walk,
name,2021:02:04,Thu,06:03:51 PM,version=0.1,walk,
name,2021:02:04,Thu,06:03:51 PM,version=0.1,walk,
name,2021:02:04,Thu,06:03:51 PM,version=0.1,walk,
name,2021:02:04,Thu,06:03:51 PM,version=0.1,walk,
name,2021:02:04,Thu,06:03:51 PM,version=0.1,walk,
name,2021:02:04,Thu,06:03:51 PM,version=0.1,walk,
name,2021:02:04,Thu,06:03:51 PM,version=0.1,walk,
name,2021:02:04,Thu,06:03:51 PM,version=0.1,walk,
name,2021:02:04,Thu,06:03:51 PM,version=0.1,walk,
name,2021:02:04,Thu,06:03:51 PM,version=0.1,walk,
name,2021:02:04,Thu,06:03:51 PM,version=0.1,walk,
name,2021:02:04,Thu,06:03:51 PM,version=0.1,walk,
name,2021:02:04,Thu,06:03:51 PM,version=0.1,walk,
name,2021:02:04,Thu,06:03:51 PM,version=0.1,walk,
name,2021:02:04,Thu,06:03:51 PM,version=0.1,walk,
name,2021:02:04,Thu,06:03:51 PM,version=0.1,walk,
name,2021:02:04,Thu,06:03:51 PM,version=0.1,walk,
name,2021:02:04,Thu,06:03:51 PM,version=0.1,walk,
name,2021:02:04,Thu,06:03:51 PM,version=0.1,walk,
name,2021:02:04,Thu,06:03:51 PM,version=0.1,walk,
name,2021:02:04,Thu,06:03:51 PM,version=0.1,walk,
name,2021:02:04,Thu,06:03:51 PM,version=0.1,walk,
name,2021:02:04,Thu,06:03:51 PM,version=0.1,walk,
name,2021:02:04,Thu,06:03:51 PM,version=0.1,walk,
name,2021:02:04,Thu,06:03:51 PM,version=0.1,walk,
name,2021:02:04,Thu,06:03:51 PM,version=0.1,walk,
name,2021:02:04,Thu,06:03:51 PM,version=0.1,walk,
name,2021:02:04,Thu,06:03:51 PM,version=0.1,walk,
name,2021:02:04,Thu,06:03:51 PM,version=0.1,walk,
name,2021:02:04,Thu,06:03:51 PM,version=0.1,walk,
name,2021:02:04,Thu,06:03:51 PM,version=0.1,walk,
name,2021:02:04,Thu,06:03:51 PM,version=0.1,walk,
name,2021:02:04,Thu,06:03:51 PM,version=0.1,walk,
name,2021:02:04,Thu,06:03:51 PM,version=0.1,walk,
name,2021:02:04,Thu,06:03:51 PM,version=0.1,walk,
name,2021:02:04,Thu,06:03:51 PM,version=0.1,walk,
name,2021:02:04,Thu,06:03:51 PM,version=0.1,walk,
name,2021:02:04,Thu,06:03:51 PM,version=0.1,walk,
name,2021:02:04,Thu,06:03:51 PM,version=0.1,walk,
name,2021:02:04,Thu,06:03:51 PM,version=0.1,walk,
name,2021:02:04,Thu,06:03:51 PM,version=0.1,walk,
name,2021:02:04,Thu,06:03:51 PM,version=0.1,walk,
name,2021:02:04,Thu,06:03:51 PM,version=0.1,walk,
name,2021:02:04,Thu,06:03:51 PM,version=0.1,walk,
name,2021:02:04,Thu,06:03:52 PM,version=0.1,walk,
name,2021:02:04,Thu,06:03:52 PM,version=0.1,walk,
name,2021:02:04,Thu,06:03:52 PM,version=0.1,walk,
name,2021:02:04,Thu,06:03:52 PM,version=0.1,walk,
name,2021:02:04,Thu,06:03:52 PM,version=0.1,walk,
name,2021:02:04,Thu,06:03:52 PM,version=0.1,walk,
name,2021:02:04,Thu,06:03:52 PM,version=0.1,walk,
name,2021:02:04,Thu,06:03:52 PM,version=0.1,walk,
name,2021:02:04,Thu,06:03:52 PM,version=0.1,walk,
name,2021:02:04,Thu,06:03:52 PM,version=0.1,walk,
name,2021:02:04,Thu,06:03:52 PM,version=0.1,walk,
name,2021:02:04,Thu,06:03:52 PM,version=0.1,walk,
name,2021:02:04,Thu,06:03:52 PM,version=0.1,walk,
name,2021:02:04,Thu,06:03:52 PM,version=0.1,walk,
name,2021:02:04,Thu,06:03:52 PM,version=0.1,walk,
name,2021:02:04,Thu,06:03:52 PM,version=0.1,walk,
name,2021:02:04,Thu,06:03:52 PM,version=0.1,walk,
name,2021:02:04,Thu,06:03:52 PM,version=0.1,walk,
name,2021:02:04,Thu,06:03:52 PM,version=0.1,walk,
name,2021:02:04,Thu,06:03:52 PM,version=0.1,walk,
name,2021:02:04,Thu,06:03:52 PM,version=0.1,walk,
name,2021:02:04,Thu,06:03:52 PM,version=0.1,walk,
name,2021:02:04,Thu,06:03:52 PM,version=0.1,walk,
name,2021:02:04,Thu,06:03:52 PM,version=0.1,walk,
name,2021:02:04,Thu,06:03:52 PM,version=0.1,walk,
name,2021:02:04,Thu,06:03:52 PM,version=0.1,walk,
name,2021:02:04,Thu,06:03:52 PM,version=0.1,walk,
name,2021:02:04,Thu,06:03:52 PM,version=0.1,walk,
name,2021:02:04,Thu,06:03:52 PM,version=0.1,walk,
name,2021:02:04,Thu,06:03:52 PM,version=0.1,walk,
name,2021:02:04,Thu,06:03:52 PM,version=0.1,walk,
name,2021:02:04,Thu,06:03:52 PM,version=0.1,walk,
name,2021:02:04,Thu,06:03:52 PM,version=0.1,walk,
name,2021:02:04,Thu,06:03:52 PM,version=0.1,walk,
name,2021:02:04,Thu,06:03:52 PM,version=0.1,walk,
name,2021:02:04,Thu,06:03:52 PM,version=0.1,walk,
name,2021:02:04,Thu,06:03:52 PM,version=0.1,walk,
name,2021:02:04,Thu,06:03:52 PM,version=0.1,walk,
name,2021:02:04,Thu,06:03:52 PM,version=0.1,walk,
name,2021:02:04,Thu,06:03:52 PM,version=0.1,walk,
name,2021:02:04,Thu,06:03:52 PM,version=0.1,walk,
name,2021:02:04,Thu,06:03:52 PM,version=0.1,walk,
name,2021:02:04,Thu,06:03:52 PM,version=0.1,walk,
name,2021:02:04,Thu,06:03:52 PM,version=0.1,walk,
name,2021:02:04,Thu,06:03:52 PM,version=0.1,walk,
name,2021:02:04,Thu,06:03:52 PM,version=0.1,walk,
name,2021:02:04,Thu,06:03:52 PM,version=0.1,walk,
name,2021:02:04,Thu,06:03:52 PM,version=0.1,walk,
name,2021:02:04,Thu,06:03:52 PM,version=0.1,walk,
name,2021:02:04,Thu,06:03:52 PM,version=0.1,walk,
name,2021:02:04,Thu,06:03:52 PM,version=0.1,walk,
name,2021:02:04,Thu,06:03:52 PM,version=0.1,walk,
name,2021:02:04,Thu,06:03:52 PM,version=0.1,walk,
name,2021:02:04,Thu,06:03:52 PM,version=0.1,walk,
name,2021:02:04,Thu,06:03:52 PM,version=0.1,walk,
name,2021:02:04,Thu,06:03:52 PM,version=0.1,walk,
name,2021:02:04,Thu,06:03:52 PM,version=0.1,walk,
name,2021:02:04,Thu,06:03:52 PM,version=0.1,walk,
name,2021:02:04,Thu,06:03:52 PM,version=0.1,walk,
name,2021:02:04,Thu,06:03:52 PM,version=0.1,walk,
name,2021:02:04,Thu,06:03:52 PM,version=0.1,walk,
name,2021:02:04,Thu,06:03:52 PM,version=0.1,walk,
name,2021:02:04,Thu,06:03:52 PM,version=0.1,walk,
name,2021:02:04,Thu,06:03:52 PM,version=0.1,walk,
name,2021:02:04,Thu,06:03:52 PM,version=0.1,walk,
name,2021:02:04,Thu,06:03:52 PM,version=0.1,walk,
name,2021:02:04,Thu,06:03:52 PM,version=0.1,walk,
name,2021:02:04,Thu,06:03:52 PM,version=0.1,walk,
name,2021:02:04,Thu,06:03:52 PM,version=0.1,walk,
name,2021:02:04,Thu,06:03:52 PM,version=0.1,walk,
name,2021:02:04,Thu,06:03:52 PM,version=0.1,walk,
name,2021:02:04,Thu,06:03:52 PM,version=0.1,walk,
name,2021:02:04,Thu,06:03:52 PM,version=0.1,walk,
name,2021:02:04,Thu,06:03:52 PM,version=0.1,walk,
name,2021:02:04,Thu,06:03:52 PM,version=0.1,walk,
name,2021:02:04,Thu,06:03:52 PM,version=0.1,walk,
name,2021:02:04,Thu,06:03:52 PM,version=0.1,walk,
name,2021:02:04,Thu,06:03:52 PM,version=0.1,walk,
name,2021:02:04,Thu,06:03:52 PM,version=0.1,walk,
name,2021:02:04,Thu,06:03:52 PM,version=0.1,walk,
name,2021:02:04,Thu,06:03:52 PM,version=0.1,walk,
name,2021:02:04,Thu,06:03:52 PM,version=0.1,walk,
name,2021:02:04,Thu,06:03:52 PM,version=0.1,walk,
name,2021:02:04,Thu,06:03:52 PM,version=0.1,walk,
name,2021:02:04,Thu,06:03:52 PM,version=0.1,walk,
name,2021:02:04,Thu,06:03:52 PM,version=0.1,walk,
name,2021:02:04,Thu,06:03:52 PM,version=0.1,walk,
name,2021:02:04,Thu,06:03:52 PM,version=0.1,walk,
name,2021:02:04,Thu,06:03:52 PM,version=0.1,walk,
name,2021:02:04,Thu,06:03:52 PM,version=0.1,walk,
name,2021:02:04,Thu,06:03:52 PM,version=0.1,walk,
name,2021:02:04,Thu,06:03:52 PM,version=0.1,walk,
name,2021:02:04,Thu,06:03:52 PM,version=0.1,walk,
name,2021:02:04,Thu,06:03:52 PM,version=0.1,walk,
name,2021:02:04,Thu,06:03:52 PM,version=0.1,walk,
name,2021:02:04,Thu,06:03:52 PM,version=0.1,walk,
name,2021:02:04,Thu,06:03:52 PM,version=0.1,walk,
name,2021:02:04,Thu,06:03:52 PM,version=0.1,walk,
name,2021:02:04,Thu,06:03:52 PM,version=0.1,walk,
name,2021:02:04,Thu,06:03:52 PM,version=0.1,walk,
name,2021:02:04,Thu,06:03:52 PM,version=0.1,walk,
name,2021:02:04,Thu,06:03:52 PM,version=0.1,walk,
name,2021:02:04,Thu,06:03:52 PM,version=0.1,walk,
name,2021:02:04,Thu,06:03:52 PM,version=0.1,walk,
name,2021:02:04,Thu,06:03:52 PM,version=0.1,walk,
name,2021:02:04,Thu,06:03:52 PM,version=0.1,walk,
name,2021:02:04,Thu,06:03:52 PM,version=0.1,walk,
name,2021:02:04,Thu,06:03:52 PM,version=0.1,walk,
name,2021:02:04,Thu,06:03:52 PM,version=0.1,walk,
name,2021:02:04,Thu,06:03:52 PM,version=0.1,walk,
name,2021:02:04,Thu,06:03:52 PM,version=0.1,walk,
name,2021:02:04,Thu,06:03:52 PM,version=0.1,walk,
name,2021:02:04,Thu,06:03:52 PM,version=0.1,walk,
name,2021:02:04,Thu,06:03:52 PM,version=0.1,walk,
name,2021:02:04,Thu,06:03:52 PM,version=0.1,walk,
name,2021:02:04,Thu,06:03:52 PM,version=0.1,walk,
name,2021:02:04,Thu,06:03:52 PM,version=0.1,walk,
name,2021:02:04,Thu,06:03:52 PM,version=0.1,walk,
name,2021:02:04,Thu,06:03:52 PM,version=0.1,walk,
name,2021:02:04,Thu,06:03:52 PM,version=0.1,walk,
name,2021:02:04,Thu,06:03:52 PM,version=0.1,walk,
name,2021:02:04,Thu,06:03:52 PM,version=0.1,walk,
name,2021:02:04,Thu,06:03:52 PM,version=0.1,walk,
name,2021:02:04,Thu,06:03:52 PM,version=0.1,walk,
name,2021:02:04,Thu,06:03:52 PM,version=0.1,walk,
name,2021:02:04,Thu,06:03:52 PM,version=0.1,walk,
name,2021:02:04,Thu,06:03:52 PM,version=0.1,walk,
name,2021:02:04,Thu,06:03:52 PM,version=0.1,walk,
name,2021:02:04,Thu,06:03:52 PM,version=0.1,walk,
name,2021:02:04,Thu,06:03:52 PM,version=0.1,walk,
name,2021:02:04,Thu,06:03:52 PM,version=0.1,walk,
name,2021:02:04,Thu,06:03:52 PM,version=0.1,walk,
name,2021:02:04,Thu,06:03:52 PM,version=0.1,walk,
name,2021:02:04,Thu,06:03:52 PM,version=0.1,walk,
name,2021:02:04,Thu,06:03:52 PM,version=0.1,walk,
name,2021:02:04,Thu,06:03:52 PM,version=0.1,walk,
name,2021:02:04,Thu,06:03:52 PM,version=0.1,walk,
name,2021:02:04,Thu,06:03:52 PM,version=0.1,walk,
name,2021:02:04,Thu,06:03:52 PM,version=0.1,walk,
name,2021:02:04,Thu,06:03:52 PM,version=0.1,walk,
name,2021:02:04,Thu,06:03:52 PM,version=0.1,walk,
name,2021:02:04,Thu,06:03:52 PM,version=0.1,walk,
name,2021:02:04,Thu,06:03:52 PM,version=0.1,walk,
name,2021:02:04,Thu,06:03:52 PM,version=0.1,walk,
name,2021:02:04,Thu,06:03:52 PM,version=0.1,walk,
name,2021:02:04,Thu,06:03:52 PM,version=0.1,walk,
name,2021:02:04,Thu,06:03:52 PM,version=0.1,walk,
name,2021:02:04,Thu,06:03:52 PM,version=0.1,walk,
name,2021:02:04,Thu,06:03:52 PM,version=0.1,walk,
name,2021:02:04,Thu,06:03:52 PM,version=0.1,walk,
name,2021:02:04,Thu,06:03:52 PM,version=0.1,walk,
name,2021:02:04,Thu,06:03:52 PM,version=0.1,walk,
name,2021:02:04,Thu,06:03:52 PM,version=0.1,walk,
name,2021:02:04,Thu,06:03:52 PM,version=0.1,walk,
name,2021:02:04,Thu,06:03:52 PM,version=0.1,walk,
name,2021:02:04,Thu,06:03:52 PM,version=0.1,walk,
name,2021:02:04,Thu,06:03:52 PM,version=0.1,walk,
name,2021:02:04,Thu,06:03:52 PM,version=0.1,walk,
name,2021:02:04,Thu,06:03:52 PM,version=0.1,walk,
name,2021:02:04,Thu,06:03:52 PM,version=0.1,walk,
name,2021:02:04,Thu,06:03:52 PM,version=0.1,walk,
name,2021:02:04,Thu,06:03:52 PM,version=0.1,walk,
name,2021:02:04,Thu,06:03:52 PM,version=0.1,walk,
name,2021:02:04,Thu,06:03:52 PM,version=0.1,walk,
name,2021:02:04,Thu,06:03:52 PM,version=0.1,walk,
name,2021:02:04,Thu,06:03:52 PM,version=0.1,walk,
name,2021:02:04,Thu,06:03:52 PM,version=0.1,walk,
name,2021:02:04,Thu,06:03:52 PM,version=0.1,walk,
name,2021:02:04,Thu,06:03:52 PM,version=0.1,walk,
name,2021:02:04,Thu,06:03:52 PM,version=0.1,walk,
name,2021:02:04,Thu,06:03:52 PM,version=0.1,walk,
name,2021:02:04,Thu,06:03:52 PM,version=0.1,walk,
name,2021:02:04,Thu,06:03:52 PM,version=0.1,walk,
name,2021:02:04,Thu,06:03:52 PM,version=0.1,walk,
name,2021:02:04,Thu,06:03:52 PM,version=0.1,walk,
name,2021:02:04,Thu,06:03:52 PM,version=0.1,walk,
name,2021:02:04,Thu,06:03:52 PM,version=0.1,walk,
name,2021:02:04,Thu,06:03:52 PM,version=0.1,walk,
name,2021:02:04,Thu,06:03:52 PM,version=0.1,walk,
name,2021:02:04,Thu,06:03:52 PM,version=0.1,walk,
name,2021:02:04,Thu,06:03:52 PM,version=0.1,walk,
name,2021:02:04,Thu,06:03:52 PM,version=0.1,walk,
name,2021:02:04,Thu,06:03:52 PM,version=0.1,walk,
name,2021:02:04,Thu,06:03:52 PM,version=0.1,walk,
name,2021:02:04,Thu,06:03:52 PM,version=0.1,walk,
name,2021:02:04,Thu,06:03:52 PM,version=0.1,walk,
name,2021:02:04,Thu,06:03:52 PM,version=0.1,walk,
name,2021:02:04,Thu,06:03:52 PM,version=0.1,walk,
name,2021:02:04,Thu,06:03:52 PM,version=0.1,walk,
name,2021:02:04,Thu,06:03:52 PM,version=0.1,walk,
name,2021:02:04,Thu,06:03:52 PM,version=0.1,walk,
name,2021:02:04,Thu,06:03:52 PM,version=0.1,walk,
name,2021:02:04,Thu,06:03:52 PM,version=0.1,walk,
name,2021:02:04,Thu,06:03:52 PM,version=0.1,walk,
name,2021:02:04,Thu,06:03:52 PM,version=0.1,walk,
name,2021:02:04,Thu,06:03:52 PM,version=0.1,walk,
name,2021:02:04,Thu,06:03:52 PM,version=0.1,walk,
name,2021:02:04,Thu,06:03:52 PM,version=0.1,walk,
name,2021:02:04,Thu,06:03:52 PM,version=0.1,walk,
name,2021:02:04,Thu,06:03:52 PM,version=0.1,walk,
name,2021:02:04,Thu,06:03:52 PM,version=0.1,walk,
name,2021:02:04,Thu,06:03:52 PM,version=0.1,walk,
name,2021:02:04,Thu,06:03:52 PM,version=0.1,walk,
name,2021:02:04,Thu,06:03:52 PM,version=0.1,walk,
name,2021:02:04,Thu,06:03:52 PM,version=0.1,walk,
name,2021:02:04,Thu,06:03:52 PM,version=0.1,walk,
name,2021:02:04,Thu,06:03:52 PM,version=0.1,walk,
name,2021:02:04,Thu,06:03:52 PM,version=0.1,walk,
name,2021:02:04,Thu,06:03:52 PM,version=0.1,walk,
name,2021:02:04,Thu,06:03:52 PM,version=0.1,walk,
name,2021:02:04,Thu,06:03:52 PM,version=0.1,walk,
name,2021:02:04,Thu,06:03:52 PM,version=0.1,walk,
name,2021:02:04,Thu,06:03:52 PM,version=0.1,walk,
name,2021:02:04,Thu,06:03:52 PM,version=0.1,walk,
name,2021:02:04,Thu,06:03:52 PM,version=0.1,walk,
name,2021:02:04,Thu,06:03:52 PM,version=0.1,walk,
name,2021:02:04,Thu,06:03:52 PM,version=0.1,walk,
name,2021:02:04,Thu,06:03:52 PM,version=0.1,walk,
name,2021:02:04,Thu,06:03:52 PM,version=0.1,walk,
name,2021:02:04,Thu,06:03:52 PM,version=0.1,walk,
Username,Date,Day,Time of day,Version,Task
name,2021:02:04,Thu,06:05:13 PM,version=0.1,walk,-3.432662,1.213076,1.900283,
name,2021:02:04,Thu,06:05:13 PM,version=0.1,walk,-3.432662,1.205228,1.900283,
name,2021:02:04,Thu,06:05:14 PM,version=0.1,walk,-3.432662,0.5459961,1.900283,
name,2021:02:04,Thu,06:05:14 PM,version=0.1,walk,-3.432662,0.3929601,1.900283,
name,2021:02:04,Thu,06:05:14 PM,version=0.1,walk,-3.432662,0.3929601,1.900283,
name,2021:02:04,Thu,06:05:14 PM,version=0.1,walk,-3.432662,0.3105561,1.900283,
name,2021:02:04,Thu,06:05:14 PM,version=0.1,walk,-3.432662,0.3105561,1.900283,
name,2021:02:04,Thu,06:05:14 PM,version=0.1,walk,-3.432662,0.3105561,1.900283,
name,2021:02:04,Thu,06:05:14 PM,version=0.1,walk,-3.432662,0.3105561,1.900283,
name,2021:02:04,Thu,06:05:14 PM,version=0.1,walk,-3.432662,0.3105561,1.900283,
name,2021:02:04,Thu,06:05:14 PM,version=0.1,walk,-3.432662,0.3105561,1.900283,
name,2021:02:04,Thu,06:05:14 PM,version=0.1,walk,-3.432662,0.2242281,1.900283,
name,2021:02:04,Thu,06:05:14 PM,version=0.1,walk,-3.432662,0.2242281,1.900283,
name,2021:02:04,Thu,06:05:14 PM,version=0.1,walk,-3.432662,0.2242281,1.900283,
name,2021:02:04,Thu,06:05:14 PM,version=0.1,walk,-3.432662,0.2242281,1.900283,
name,2021:02:04,Thu,06:05:14 PM,version=0.1,walk,-3.432662,0.2242281,1.900283,
name,2021:02:04,Thu,06:05:14 PM,version=0.1,walk,-3.432662,0.1339762,1.900283,
name,2021:02:04,Thu,06:05:14 PM,version=0.1,walk,-3.432662,0.1339762,1.900283,
name,2021:02:04,Thu,06:05:14 PM,version=0.1,walk,-3.432662,0.1339762,1.900283,
name,2021:02:04,Thu,06:05:14 PM,version=0.1,walk,-3.432662,0.1339762,1.900283,
name,2021:02:04,Thu,06:05:14 PM,version=0.1,walk,-3.432662,0.1339762,1.900283,
name,2021:02:04,Thu,06:05:14 PM,version=0.1,walk,-3.432662,0.03980019,1.900283,
name,2021:02:04,Thu,06:05:14 PM,version=0.1,walk,-3.432662,0.03980019,1.900283,
name,2021:02:04,Thu,06:05:14 PM,version=0.1,walk,-3.432662,0.03980019,1.900283,
name,2021:02:04,Thu,06:05:14 PM,version=0.1,walk,-3.432662,0.03980019,1.900283,
name,2021:02:04,Thu,06:05:14 PM,version=0.1,walk,-3.432662,0.03980019,1.900283,
name,2021:02:04,Thu,06:05:14 PM,version=0.1,walk,-3.432662,-0.05829979,1.900283,
name,2021:02:04,Thu,06:05:14 PM,version=0.1,walk,-3.432662,-0.05829979,1.900283,
name,2021:02:04,Thu,06:05:14 PM,version=0.1,walk,-3.432662,-0.05829979,1.900283,
name,2021:02:04,Thu,06:05:14 PM,version=0.1,walk,-3.432662,-0.05829979,1.900283,
name,2021:02:04,Thu,06:05:14 PM,version=0.1,walk,-3.432662,-0.05829979,1.900283,
name,2021:02:04,Thu,06:05:14 PM,version=0.1,walk,-3.432662,-0.1603238,1.900283,
name,2021:02:04,Thu,06:05:14 PM,version=0.1,walk,-3.432662,-0.1603238,1.900283,
name,2021:02:04,Thu,06:05:14 PM,version=0.1,walk,-3.432662,-0.1603238,1.900283,
name,2021:02:04,Thu,06:05:14 PM,version=0.1,walk,-3.432662,-0.1603238,1.900283,
name,2021:02:04,Thu,06:05:14 PM,version=0.1,walk,-3.432662,-0.1603238,1.900283,
name,2021:02:04,Thu,06:05:14 PM,version=0.1,walk,-3.432662,-0.2662717,1.900283,
name,2021:02:04,Thu,06:05:14 PM,version=0.1,walk,-3.432662,-0.2662717,1.900283,
name,2021:02:04,Thu,06:05:14 PM,version=0.1,walk,-3.432662,-0.2662717,1.900283,
name,2021:02:04,Thu,06:05:14 PM,version=0.1,walk,-3.432662,-0.2662717,1.900283,
name,2021:02:04,Thu,06:05:14 PM,version=0.1,walk,-3.432662,-0.2662717,1.900283,
name,2021:02:04,Thu,06:05:14 PM,version=0.1,walk,-3.432662,-0.2662717,1.900283,
name,2021:02:04,Thu,06:05:14 PM,version=0.1,walk,-3.432662,-0.3761437,1.900283,
name,2021:02:04,Thu,06:05:14 PM,version=0.1,walk,-3.432662,-0.3761437,1.900283,
name,2021:02:04,Thu,06:05:14 PM,version=0.1,walk,-3.432662,-0.3761437,1.900283,
name,2021:02:04,Thu,06:05:14 PM,version=0.1,walk,-3.432662,-0.3761437,1.900283,
name,2021:02:04,Thu,06:05:14 PM,version=0.1,walk,-3.432662,-0.3761437,1.900283,
name,2021:02:04,Thu,06:05:14 PM,version=0.1,walk,-3.432662,-0.4899397,1.900283,
name,2021:02:04,Thu,06:05:14 PM,version=0.1,walk,-3.432662,-0.4899397,1.900283,
name,2021:02:04,Thu,06:05:14 PM,version=0.1,walk,-3.432662,-0.4899397,1.900283,
name,2021:02:04,Thu,06:05:14 PM,version=0.1,walk,-3.432662,-0.4899397,1.900283,
name,2021:02:04,Thu,06:05:14 PM,version=0.1,walk,-3.432662,-0.4899397,1.900283,
name,2021:02:04,Thu,06:05:14 PM,version=0.1,walk,-3.432662,-0.6076596,1.900283,
name,2021:02:04,Thu,06:05:14 PM,version=0.1,walk,-3.432662,-0.6076596,1.900283,
name,2021:02:04,Thu,06:05:14 PM,version=0.1,walk,-3.432662,-0.6076596,1.900283,
name,2021:02:04,Thu,06:05:14 PM,version=0.1,walk,-3.432662,-0.6076596,1.900283,
name,2021:02:04,Thu,06:05:14 PM,version=0.1,walk,-3.432662,-0.6076596,1.900283,
name,2021:02:04,Thu,06:05:14 PM,version=0.1,walk,-3.432662,-0.6076596,1.900283,
name,2021:02:04,Thu,06:05:14 PM,version=0.1,walk,-3.432662,-0.7293036,1.900283,
name,2021:02:04,Thu,06:05:14 PM,version=0.1,walk,-3.432662,-0.7293036,1.900283,
name,2021:02:04,Thu,06:05:14 PM,version=0.1,walk,-3.432662,-0.7293036,1.900283,
name,2021:02:04,Thu,06:05:14 PM,version=0.1,walk,-3.432662,-0.7293036,1.900283,
name,2021:02:04,Thu,06:05:14 PM,version=0.1,walk,-3.432662,-0.7293036,1.900283,
name,2021:02:04,Thu,06:05:14 PM,version=0.1,walk,-3.432662,-0.7293036,1.900283,
name,2021:02:04,Thu,06:05:14 PM,version=0.1,walk,-3.432662,-0.8548716,1.900283,
name,2021:02:04,Thu,06:05:14 PM,version=0.1,walk,-3.432662,-0.8548716,1.900283,
name,2021:02:04,Thu,06:05:14 PM,version=0.1,walk,-3.432662,-0.8548716,1.900283,
name,2021:02:04,Thu,06:05:14 PM,version=0.1,walk,-3.432662,-0.8548716,1.900283,
name,2021:02:04,Thu,06:05:14 PM,version=0.1,walk,-3.432662,-0.8548716,1.900283,
name,2021:02:04,Thu,06:05:14 PM,version=0.1,walk,-3.432662,-0.8548716,1.900283,
name,2021:02:04,Thu,06:05:14 PM,version=0.1,walk,-3.432662,-0.9843636,1.900283,
name,2021:02:04,Thu,06:05:14 PM,version=0.1,walk,-3.432662,-0.9843636,1.900283,
name,2021:02:04,Thu,06:05:14 PM,version=0.1,walk,-3.432662,-0.9843636,1.900283,
name,2021:02:04,Thu,06:05:14 PM,version=0.1,walk,-3.432662,-0.9843636,1.900283,
name,2021:02:04,Thu,06:05:14 PM,version=0.1,walk,-3.432662,-0.9843636,1.900283,
name,2021:02:04,Thu,06:05:14 PM,version=0.1,walk,-3.432662,-1.117779,1.900283,
name,2021:02:04,Thu,06:05:14 PM,version=0.1,walk,-3.432662,-1.117779,1.900283,
name,2021:02:04,Thu,06:05:14 PM,version=0.1,walk,-3.432662,-1.117779,1.900283,
name,2021:02:04,Thu,06:05:14 PM,version=0.1,walk,-3.432662,-1.117779,1.900283,
name,2021:02:04,Thu,06:05:14 PM,version=0.1,walk,-3.432662,-1.117779,1.900283,
name,2021:02:04,Thu,06:05:14 PM,version=0.1,walk,-3.432662,-1.255119,1.900283,
name,2021:02:04,Thu,06:05:14 PM,version=0.1,walk,-3.432662,-1.255119,1.900283,
name,2021:02:04,Thu,06:05:14 PM,version=0.1,walk,-3.432662,-1.255119,1.900283,
name,2021:02:04,Thu,06:05:14 PM,version=0.1,walk,-3.432662,-1.255119,1.900283,
name,2021:02:04,Thu,06:05:14 PM,version=0.1,walk,-3.432662,-1.255119,1.900283,
name,2021:02:04,Thu,06:05:14 PM,version=0.1,walk,-3.432662,-1.255119,1.900283,
name,2021:02:04,Thu,06:05:14 PM,version=0.1,walk,-3.432662,-1.396383,1.900283,
name,2021:02:04,Thu,06:05:14 PM,version=0.1,walk,-3.432662,-1.396383,1.900283,
name,2021:02:04,Thu,06:05:14 PM,version=0.1,walk,-3.432662,-1.396383,1.900283,
name,2021:02:04,Thu,06:05:14 PM,version=0.1,walk,-3.432662,-1.396383,1.900283,
name,2021:02:04,Thu,06:05:14 PM,version=0.1,walk,-3.432662,-1.396383,1.900283,
name,2021:02:04,Thu,06:05:14 PM,version=0.1,walk,-3.432662,-1.396383,1.900283,
name,2021:02:04,Thu,06:05:14 PM,version=0.1,walk,-3.432662,-1.541571,1.900283,
name,2021:02:04,Thu,06:05:14 PM,version=0.1,walk,-3.432662,-1.541571,1.900283,
name,2021:02:04,Thu,06:05:14 PM,version=0.1,walk,-3.432662,-1.541571,1.900283,
name,2021:02:04,Thu,06:05:14 PM,version=0.1,walk,-3.432662,-1.541571,1.900283,
name,2021:02:04,Thu,06:05:14 PM,version=0.1,walk,-3.432662,-1.541571,1.900283,
name,2021:02:04,Thu,06:05:14 PM,version=0.1,walk,-3.432662,-1.690683,1.900283,
name,2021:02:04,Thu,06:05:14 PM,version=0.1,walk,-3.432662,-1.690683,1.900283,
name,2021:02:04,Thu,06:05:14 PM,version=0.1,walk,-3.432662,-1.690683,1.900283,
name,2021:02:04,Thu,06:05:14 PM,version=0.1,walk,-3.432662,-1.690683,1.900283,
name,2021:02:04,Thu,06:05:14 PM,version=0.1,walk,-3.432662,-1.690683,1.900283,
name,2021:02:04,Thu,06:05:14 PM,version=0.1,walk,-3.432662,-1.690683,1.900283,
name,2021:02:04,Thu,06:05:14 PM,version=0.1,walk,-3.432662,-1.843719,1.900283,
name,2021:02:04,Thu,06:05:14 PM,version=0.1,walk,-3.432662,-1.843719,1.900283,
name,2021:02:04,Thu,06:05:14 PM,version=0.1,walk,-3.432662,-1.843719,1.900283,
name,2021:02:04,Thu,06:05:14 PM,version=0.1,walk,-3.432662,-1.843719,1.900283,
name,2021:02:04,Thu,06:05:14 PM,version=0.1,walk,-3.432662,-1.843719,1.900283,
name,2021:02:04,Thu,06:05:14 PM,version=0.1,walk,-3.432662,-2.000679,1.900283,
name,2021:02:04,Thu,06:05:14 PM,version=0.1,walk,-3.432662,-2.000679,1.900283,
name,2021:02:04,Thu,06:05:14 PM,version=0.1,walk,-3.432662,-2.000679,1.900283,
name,2021:02:04,Thu,06:05:14 PM,version=0.1,walk,-3.432662,-2.000679,1.900283,
name,2021:02:04,Thu,06:05:14 PM,version=0.1,walk,-3.432662,-2.000679,1.900283,
name,2021:02:04,Thu,06:05:14 PM,version=0.1,walk,-3.432662,-2.000679,1.900283,
name,2021:02:04,Thu,06:05:14 PM,version=0.1,walk,-3.432662,-2.161563,1.900283,
name,2021:02:04,Thu,06:05:14 PM,version=0.1,walk,-3.432662,-2.161563,1.900283,
name,2021:02:04,Thu,06:05:14 PM,version=0.1,walk,-3.432662,-2.161563,1.900283,
name,2021:02:04,Thu,06:05:14 PM,version=0.1,walk,-3.432662,-2.161563,1.900283,
name,2021:02:04,Thu,06:05:14 PM,version=0.1,walk,-3.432662,-2.161563,1.900283,
name,2021:02:04,Thu,06:05:14 PM,version=0.1,walk,-3.432662,-2.326371,1.900283,
name,2021:02:04,Thu,06:05:14 PM,version=0.1,walk,-3.432662,-2.326371,1.900283,
name,2021:02:04,Thu,06:05:14 PM,version=0.1,walk,-3.432662,-2.326371,1.900283,
name,2021:02:04,Thu,06:05:14 PM,version=0.1,walk,-3.432662,-2.326371,1.900283,
name,2021:02:04,Thu,06:05:14 PM,version=0.1,walk,-3.432662,-2.326371,1.900283,
name,2021:02:04,Thu,06:05:14 PM,version=0.1,walk,-3.432662,-2.326371,1.900283,
name,2021:02:04,Thu,06:05:14 PM,version=0.1,walk,-3.432662,-2.495103,1.900283,
name,2021:02:04,Thu,06:05:14 PM,version=0.1,walk,-3.432662,-2.495103,1.900283,
name,2021:02:04,Thu,06:05:14 PM,version=0.1,walk,-3.432662,-2.495103,1.900283,
name,2021:02:04,Thu,06:05:14 PM,version=0.1,walk,-3.432662,-2.495103,1.900283,
name,2021:02:04,Thu,06:05:14 PM,version=0.1,walk,-3.432662,-2.495103,1.900283,
name,2021:02:04,Thu,06:05:14 PM,version=0.1,walk,-3.432662,-2.495103,1.900283,
name,2021:02:04,Thu,06:05:14 PM,version=0.1,walk,-3.432662,-2.667759,1.900283,
name,2021:02:04,Thu,06:05:14 PM,version=0.1,walk,-3.432662,-2.667759,1.900283,
name,2021:02:04,Thu,06:05:14 PM,version=0.1,walk,-3.432662,-2.667759,1.900283,
name,2021:02:04,Thu,06:05:14 PM,version=0.1,walk,-3.432662,-2.667759,1.900283,
name,2021:02:04,Thu,06:05:14 PM,version=0.1,walk,-3.432662,-2.667759,1.900283,
name,2021:02:04,Thu,06:05:14 PM,version=0.1,walk,-3.432662,-2.667759,1.900283,
name,2021:02:04,Thu,06:05:14 PM,version=0.1,walk,-3.432662,-2.844339,1.900283,
name,2021:02:04,Thu,06:05:14 PM,version=0.1,walk,-3.432662,-2.844339,1.900283,
name,2021:02:04,Thu,06:05:14 PM,version=0.1,walk,-3.432662,-2.844339,1.900283,
name,2021:02:04,Thu,06:05:14 PM,version=0.1,walk,-3.432662,-2.844339,1.900283,
name,2021:02:04,Thu,06:05:14 PM,version=0.1,walk,-3.432662,-2.844339,1.900283,
name,2021:02:04,Thu,06:05:14 PM,version=0.1,walk,-3.432662,-2.844339,1.900283,
name,2021:02:04,Thu,06:05:14 PM,version=0.1,walk,-3.432662,-3.024843,1.900283,
name,2021:02:04,Thu,06:05:14 PM,version=0.1,walk,-3.432662,-3.024843,1.900283,
name,2021:02:04,Thu,06:05:14 PM,version=0.1,walk,-3.432662,-3.024843,1.900283,
name,2021:02:04,Thu,06:05:14 PM,version=0.1,walk,-3.432662,-3.024843,1.900283,
name,2021:02:04,Thu,06:05:14 PM,version=0.1,walk,-3.432662,-3.024843,1.900283,
name,2021:02:04,Thu,06:05:14 PM,version=0.1,walk,-3.432662,-3.024843,1.900283,
name,2021:02:04,Thu,06:05:14 PM,version=0.1,walk,-3.432662,-3.209271,1.900283,
name,2021:02:04,Thu,06:05:14 PM,version=0.1,walk,-3.432662,-3.209271,1.900283,
name,2021:02:04,Thu,06:05:14 PM,version=0.1,walk,-3.432662,-3.209271,1.900283,
name,2021:02:04,Thu,06:05:14 PM,version=0.1,walk,-3.432662,-3.209271,1.900283,
name,2021:02:04,Thu,06:05:14 PM,version=0.1,walk,-3.432662,-3.209271,1.900283,
name,2021:02:04,Thu,06:05:14 PM,version=0.1,walk,-3.432662,-3.397623,1.900283,
name,2021:02:04,Thu,06:05:14 PM,version=0.1,walk,-3.432662,-3.397623,1.900283,
name,2021:02:04,Thu,06:05:14 PM,version=0.1,walk,-3.432662,-3.397623,1.900283,
name,2021:02:04,Thu,06:05:14 PM,version=0.1,walk,-3.432662,-3.397623,1.900283,
name,2021:02:04,Thu,06:05:14 PM,version=0.1,walk,-3.432662,-3.397623,1.900283,
name,2021:02:04,Thu,06:05:14 PM,version=0.1,walk,-3.432662,-3.397623,1.900283,
name,2021:02:04,Thu,06:05:14 PM,version=0.1,walk,-3.432662,-3.589899,1.900283,
name,2021:02:04,Thu,06:05:14 PM,version=0.1,walk,-3.432662,-3.589899,1.900283,
name,2021:02:04,Thu,06:05:14 PM,version=0.1,walk,-3.432662,-3.589899,1.900283,
name,2021:02:04,Thu,06:05:14 PM,version=0.1,walk,-3.432662,-3.589899,1.900283,
name,2021:02:04,Thu,06:05:14 PM,version=0.1,walk,-3.432662,-3.589899,1.900283,
name,2021:02:04,Thu,06:05:14 PM,version=0.1,walk,-3.432662,-3.786099,1.900283,
name,2021:02:04,Thu,06:05:14 PM,version=0.1,walk,-3.432662,-3.786099,1.900283,
name,2021:02:04,Thu,06:05:14 PM,version=0.1,walk,-3.432662,-3.786099,1.900283,
name,2021:02:04,Thu,06:05:14 PM,version=0.1,walk,-3.432662,-3.786099,1.900283,
name,2021:02:04,Thu,06:05:14 PM,version=0.1,walk,-3.432662,-3.786099,1.900283,
name,2021:02:04,Thu,06:05:14 PM,version=0.1,walk,-3.432662,-3.786099,1.900283,
name,2021:02:04,Thu,06:05:14 PM,version=0.1,walk,-3.432662,-3.986223,1.900283,
name,2021:02:04,Thu,06:05:14 PM,version=0.1,walk,-3.432662,-3.986223,1.900283,
name,2021:02:04,Thu,06:05:14 PM,version=0.1,walk,-3.432662,-3.986223,1.900283,
name,2021:02:04,Thu,06:05:14 PM,version=0.1,walk,-3.432662,-3.986223,1.900283,
name,2021:02:04,Thu,06:05:14 PM,version=0.1,walk,-3.432662,-3.986223,1.900283,
name,2021:02:04,Thu,06:05:14 PM,version=0.1,walk,-3.432662,-3.986223,1.900283,
name,2021:02:04,Thu,06:05:14 PM,version=0.1,walk,-3.432662,-4.190271,1.900283,
name,2021:02:04,Thu,06:05:14 PM,version=0.1,walk,-3.432662,-4.190271,1.900283,
name,2021:02:04,Thu,06:05:14 PM,version=0.1,walk,-3.432662,-4.190271,1.900283,
name,2021:02:04,Thu,06:05:14 PM,version=0.1,walk,-3.432662,-4.190271,1.900283,
name,2021:02:04,Thu,06:05:14 PM,version=0.1,walk,-3.432662,-4.190271,1.900283,
name,2021:02:04,Thu,06:05:14 PM,version=0.1,walk,-3.432662,-4.398243,1.900283,
name,2021:02:04,Thu,06:05:14 PM,version=0.1,walk,-3.432662,-4.398243,1.900283,
name,2021:02:04,Thu,06:05:14 PM,version=0.1,walk,-3.432662,-4.398243,1.900283,
name,2021:02:04,Thu,06:05:14 PM,version=0.1,walk,-3.432662,-4.398243,1.900283,
name,2021:02:04,Thu,06:05:14 PM,version=0.1,walk,-3.432662,-4.398243,1.900283,
name,2021:02:04,Thu,06:05:14 PM,version=0.1,walk,-3.432662,-4.398243,1.900283,
name,2021:02:04,Thu,06:05:14 PM,version=0.1,walk,-3.432662,-4.610139,1.900283,
name,2021:02:04,Thu,06:05:14 PM,version=0.1,walk,-3.432662,-4.610139,1.900283,
name,2021:02:04,Thu,06:05:14 PM,version=0.1,walk,-3.432662,-4.610139,1.900283,
name,2021:02:04,Thu,06:05:15 PM,version=0.1,walk,-3.432662,-4.610139,1.900283,
name,2021:02:04,Thu,06:05:15 PM,version=0.1,walk,-3.432662,-4.825959,1.900283,
name,2021:02:04,Thu,06:05:15 PM,version=0.1,walk,-3.432662,-4.825959,1.900283,
name,2021:02:04,Thu,06:05:15 PM,version=0.1,walk,-3.432662,-4.825959,1.900283,
name,2021:02:04,Thu,06:05:15 PM,version=0.1,walk,-3.432662,-4.825959,1.900283,
name,2021:02:04,Thu,06:05:15 PM,version=0.1,walk,-3.432662,-4.825959,1.900283,
name,2021:02:04,Thu,06:05:15 PM,version=0.1,walk,-3.432662,-5.045703,1.900283,
name,2021:02:04,Thu,06:05:15 PM,version=0.1,walk,-3.432662,-5.045703,1.900283,
name,2021:02:04,Thu,06:05:15 PM,version=0.1,walk,-3.432662,-5.045703,1.900283,
name,2021:02:04,Thu,06:05:15 PM,version=0.1,walk,-3.432662,-5.045703,1.900283,
name,2021:02:04,Thu,06:05:15 PM,version=0.1,walk,-3.432662,-5.045703,1.900283,
name,2021:02:04,Thu,06:05:15 PM,version=0.1,walk,-3.432662,-5.045703,1.900283,
name,2021:02:04,Thu,06:05:15 PM,version=0.1,walk,-3.432662,-5.269371,1.900283,
name,2021:02:04,Thu,06:05:15 PM,version=0.1,walk,-3.432662,-5.269371,1.900283,
name,2021:02:04,Thu,06:05:15 PM,version=0.1,walk,-3.432662,-5.269371,1.900283,
name,2021:02:04,Thu,06:05:15 PM,version=0.1,walk,-3.432662,-5.269371,1.900283,
name,2021:02:04,Thu,06:05:15 PM,version=0.1,walk,-3.432662,-5.269371,1.900283,
name,2021:02:04,Thu,06:05:15 PM,version=0.1,walk,-3.432662,-5.269371,1.900283,
name,2021:02:04,Thu,06:05:15 PM,version=0.1,walk,-3.432662,-5.496963,1.900283,
name,2021:02:04,Thu,06:05:15 PM,version=0.1,walk,-3.432662,-5.496963,1.900283,
name,2021:02:04,Thu,06:05:15 PM,version=0.1,walk,-3.432662,-5.496963,1.900283,
name,2021:02:04,Thu,06:05:15 PM,version=0.1,walk,-3.432662,-5.496963,1.900283,
name,2021:02:04,Thu,06:05:15 PM,version=0.1,walk,-3.432662,-5.496963,1.900283,
name,2021:02:04,Thu,06:05:15 PM,version=0.1,walk,-3.432662,-5.496963,1.900283,
name,2021:02:04,Thu,06:05:15 PM,version=0.1,walk,-3.432662,-5.496963,1.900283,
name,2021:02:04,Thu,06:05:15 PM,version=0.1,walk,-3.432662,-5.728479,1.900283,
name,2021:02:04,Thu,06:05:15 PM,version=0.1,walk,-3.432662,-5.728479,1.900283,
name,2021:02:04,Thu,06:05:15 PM,version=0.1,walk,-3.432662,-5.728479,1.900283,
name,2021:02:04,Thu,06:05:15 PM,version=0.1,walk,-3.432662,-5.728479,1.900283,
name,2021:02:04,Thu,06:05:15 PM,version=0.1,walk,-3.432662,-5.728479,1.900283,
name,2021:02:04,Thu,06:05:15 PM,version=0.1,walk,-3.432662,-5.728479,1.900283,
name,2021:02:04,Thu,06:05:15 PM,version=0.1,walk,-3.432662,-5.963919,1.900283,
name,2021:02:04,Thu,06:05:15 PM,version=0.1,walk,-3.432662,-5.963919,1.900283,
name,2021:02:04,Thu,06:05:15 PM,version=0.1,walk,-3.432662,-5.963919,1.900283,
name,2021:02:04,Thu,06:05:15 PM,version=0.1,walk,-3.432662,-5.963919,1.900283,
name,2021:02:04,Thu,06:05:15 PM,version=0.1,walk,-3.432662,-5.963919,1.900283,
name,2021:02:04,Thu,06:05:15 PM,version=0.1,walk,-3.432662,-5.963919,1.900283,
name,2021:02:04,Thu,06:05:15 PM,version=0.1,walk,-3.432662,-6.203283,1.900283,
name,2021:02:04,Thu,06:05:15 PM,version=0.1,walk,-3.432662,-6.203283,1.900283,
name,2021:02:04,Thu,06:05:15 PM,version=0.1,walk,-3.432662,-6.203283,1.900283,
name,2021:02:04,Thu,06:05:15 PM,version=0.1,walk,-3.432662,-6.203283,1.900283,
name,2021:02:04,Thu,06:05:15 PM,version=0.1,walk,-3.432662,-6.203283,1.900283,
name,2021:02:04,Thu,06:05:15 PM,version=0.1,walk,-3.432662,-6.203283,1.900283,
name,2021:02:04,Thu,06:05:15 PM,version=0.1,walk,-3.432662,-6.446571,1.900283,
name,2021:02:04,Thu,06:05:15 PM,version=0.1,walk,-3.432662,-6.446571,1.900283,
name,2021:02:04,Thu,06:05:15 PM,version=0.1,walk,-3.432662,-6.446571,1.900283,
name,2021:02:04,Thu,06:05:15 PM,version=0.1,walk,-3.432662,-6.446571,1.900283,
name,2021:02:04,Thu,06:05:15 PM,version=0.1,walk,-3.432662,-6.446571,1.900283,
name,2021:02:04,Thu,06:05:15 PM,version=0.1,walk,-3.432662,-6.693783,1.900283,
name,2021:02:04,Thu,06:05:15 PM,version=0.1,walk,-3.432662,-6.693783,1.900283,
name,2021:02:04,Thu,06:05:15 PM,version=0.1,walk,-3.432662,-6.693783,1.900283,
name,2021:02:04,Thu,06:05:15 PM,version=0.1,walk,-3.432662,-6.693783,1.900283,
name,2021:02:04,Thu,06:05:15 PM,version=0.1,walk,-3.432662,-6.693783,1.900283,
name,2021:02:04,Thu,06:05:15 PM,version=0.1,walk,-3.432662,-6.693783,1.900283,
name,2021:02:04,Thu,06:05:15 PM,version=0.1,walk,-3.432662,-6.693783,1.900283,
name,2021:02:04,Thu,06:05:15 PM,version=0.1,walk,-3.432662,-6.94492,1.900283,
name,2021:02:04,Thu,06:05:15 PM,version=0.1,walk,-3.432662,-6.94492,1.900283,
name,2021:02:04,Thu,06:05:15 PM,version=0.1,walk,-3.432662,-6.94492,1.900283,
name,2021:02:04,Thu,06:05:15 PM,version=0.1,walk,-3.432662,-6.94492,1.900283,
name,2021:02:04,Thu,06:05:15 PM,version=0.1,walk,-3.432662,-6.94492,1.900283,
name,2021:02:04,Thu,06:05:15 PM,version=0.1,walk,-3.432662,-6.94492,1.900283,
name,2021:02:04,Thu,06:05:15 PM,version=0.1,walk,-3.432662,-7.19998,1.900283,
name,2021:02:04,Thu,06:05:15 PM,version=0.1,walk,-3.432662,-7.19998,1.900283,
name,2021:02:04,Thu,06:05:15 PM,version=0.1,walk,-3.432662,-7.19998,1.900283,
name,2021:02:04,Thu,06:05:15 PM,version=0.1,walk,-3.432662,-7.19998,1.900283,
name,2021:02:04,Thu,06:05:15 PM,version=0.1,walk,-3.432662,-7.19998,1.900283,
name,2021:02:04,Thu,06:05:15 PM,version=0.1,walk,-3.432662,-7.19998,1.900283,
name,2021:02:04,Thu,06:05:15 PM,version=0.1,walk,-3.432662,-7.458964,1.900283,
name,2021:02:04,Thu,06:05:15 PM,version=0.1,walk,-3.432662,-7.458964,1.900283,
name,2021:02:04,Thu,06:05:15 PM,version=0.1,walk,-3.432662,-7.458964,1.900283,
name,2021:02:04,Thu,06:05:15 PM,version=0.1,walk,-3.432662,-7.458964,1.900283,
name,2021:02:04,Thu,06:05:15 PM,version=0.1,walk,-3.432662,-7.458964,1.900283,
name,2021:02:04,Thu,06:05:15 PM,version=0.1,walk,-3.432662,-7.458964,1.900283,
name,2021:02:04,Thu,06:05:15 PM,version=0.1,walk,-3.432662,-7.458964,1.900283,
name,2021:02:04,Thu,06:05:15 PM,version=0.1,walk,-3.432662,-7.721872,1.900283,
name,2021:02:04,Thu,06:05:15 PM,version=0.1,walk,-3.432662,-7.721872,1.900283,
name,2021:02:04,Thu,06:05:15 PM,version=0.1,walk,-3.432662,-7.721872,1.900283,
name,2021:02:04,Thu,06:05:15 PM,version=0.1,walk,-3.432662,-7.721872,1.900283,
name,2021:02:04,Thu,06:05:15 PM,version=0.1,walk,-3.432662,-7.721872,1.900283,
name,2021:02:04,Thu,06:05:15 PM,version=0.1,walk,-3.432662,-7.721872,1.900283,
name,2021:02:04,Thu,06:05:15 PM,version=0.1,walk,-3.432662,-7.988704,1.900283,
name,2021:02:04,Thu,06:05:15 PM,version=0.1,walk,-3.432662,-7.988704,1.900283,
name,2021:02:04,Thu,06:05:15 PM,version=0.1,walk,-3.432662,-7.988704,1.900283,
name,2021:02:04,Thu,06:05:15 PM,version=0.1,walk,-3.432662,-7.988704,1.900283,
name,2021:02:04,Thu,06:05:15 PM,version=0.1,walk,-3.432662,-7.988704,1.900283,
name,2021:02:04,Thu,06:05:15 PM,version=0.1,walk,-3.432662,-7.988704,1.900283,
name,2021:02:04,Thu,06:05:15 PM,version=0.1,walk,-3.432662,-7.988704,1.900283,
name,2021:02:04,Thu,06:05:15 PM,version=0.1,walk,-3.432662,-8.25946,1.900283,
name,2021:02:04,Thu,06:05:15 PM,version=0.1,walk,-3.432662,-8.25946,1.900283,
name,2021:02:04,Thu,06:05:15 PM,version=0.1,walk,-3.432662,-8.25946,1.900283,
name,2021:02:04,Thu,06:05:15 PM,version=0.1,walk,-3.432662,-8.25946,1.900283,
name,2021:02:04,Thu,06:05:15 PM,version=0.1,walk,-3.432662,-8.25946,1.900283,
name,2021:02:04,Thu,06:05:15 PM,version=0.1,walk,-3.432662,-8.25946,1.900283,
name,2021:02:04,Thu,06:05:15 PM,version=0.1,walk,-3.432662,-8.534141,1.900283,
name,2021:02:04,Thu,06:05:15 PM,version=0.1,walk,-3.432662,-8.534141,1.900283,
name,2021:02:04,Thu,06:05:15 PM,version=0.1,walk,-3.432662,-8.534141,1.900283,
name,2021:02:04,Thu,06:05:15 PM,version=0.1,walk,-3.432662,-8.534141,1.900283,
name,2021:02:04,Thu,06:05:15 PM,version=0.1,walk,-3.432662,-8.534141,1.900283,
name,2021:02:04,Thu,06:05:15 PM,version=0.1,walk,-3.432662,-8.534141,1.900283,
name,2021:02:04,Thu,06:05:15 PM,version=0.1,walk,-3.432662,-8.534141,1.900283,
name,2021:02:04,Thu,06:05:15 PM,version=0.1,walk,-3.432662,-8.812745,1.900283,
name,2021:02:04,Thu,06:05:15 PM,version=0.1,walk,-3.432662,-8.812745,1.900283,
name,2021:02:04,Thu,06:05:15 PM,version=0.1,walk,-3.432662,-8.812745,1.900283,
name,2021:02:04,Thu,06:05:15 PM,version=0.1,walk,-3.432662,-8.812745,1.900283,
name,2021:02:04,Thu,06:05:15 PM,version=0.1,walk,-3.432662,-8.812745,1.900283,
name,2021:02:04,Thu,06:05:15 PM,version=0.1,walk,-3.432662,-8.812745,1.900283,
name,2021:02:04,Thu,06:05:15 PM,version=0.1,walk,-3.432662,-9.095273,1.900283,
name,2021:02:04,Thu,06:05:15 PM,version=0.1,walk,-3.432662,-9.095273,1.900283,
name,2021:02:04,Thu,06:05:15 PM,version=0.1,walk,-3.432662,-9.095273,1.900283,
name,2021:02:04,Thu,06:05:15 PM,version=0.1,walk,-3.432662,-9.095273,1.900283,
name,2021:02:04,Thu,06:05:15 PM,version=0.1,walk,-3.432662,-9.095273,1.900283,
name,2021:02:04,Thu,06:05:15 PM,version=0.1,walk,-3.432662,-9.095273,1.900283,
name,2021:02:04,Thu,06:05:15 PM,version=0.1,walk,-3.432662,-9.381725,1.900283,
name,2021:02:04,Thu,06:05:15 PM,version=0.1,walk,-3.432662,-9.381725,1.900283,
name,2021:02:04,Thu,06:05:15 PM,version=0.1,walk,-3.432662,-9.381725,1.900283,
name,2021:02:04,Thu,06:05:15 PM,version=0.1,walk,-3.432662,-9.381725,1.900283,
name,2021:02:04,Thu,06:05:15 PM,version=0.1,walk,-3.432662,-9.381725,1.900283,
name,2021:02:04,Thu,06:05:15 PM,version=0.1,walk,-3.432662,-9.381725,1.900283,
name,2021:02:04,Thu,06:05:15 PM,version=0.1,walk,-3.432662,-9.672102,1.900283,
name,2021:02:04,Thu,06:05:15 PM,version=0.1,walk,-3.432662,-9.672102,1.900283,
name,2021:02:04,Thu,06:05:15 PM,version=0.1,walk,-3.432662,-9.672102,1.900283,
name,2021:02:04,Thu,06:05:15 PM,version=0.1,walk,-3.432662,-9.672102,1.900283,
name,2021:02:04,Thu,06:05:15 PM,version=0.1,walk,-3.432662,-9.672102,1.900283,
name,2021:02:04,Thu,06:05:15 PM,version=0.1,walk,-3.432662,-9.672102,1.900283,
name,2021:02:04,Thu,06:05:15 PM,version=0.1,walk,-3.432662,-9.966402,1.900283,
name,2021:02:04,Thu,06:05:15 PM,version=0.1,walk,-3.432662,-9.966402,1.900283,
name,2021:02:04,Thu,06:05:15 PM,version=0.1,walk,-3.432662,-9.966402,1.900283,
name,2021:02:04,Thu,06:05:15 PM,version=0.1,walk,-3.432662,-9.966402,1.900283,
name,2021:02:04,Thu,06:05:15 PM,version=0.1,walk,-3.432662,-9.966402,1.900283,
name,2021:02:04,Thu,06:05:15 PM,version=0.1,walk,-3.432662,-9.966402,1.900283,
name,2021:02:04,Thu,06:05:15 PM,version=0.1,walk,-3.432662,-9.966402,1.900283,
name,2021:02:04,Thu,06:05:15 PM,version=0.1,walk,-3.432662,-10.26463,1.900283,
name,2021:02:04,Thu,06:05:15 PM,version=0.1,walk,-3.432662,-10.26463,1.900283,
name,2021:02:04,Thu,06:05:15 PM,version=0.1,walk,-3.432662,-10.26463,1.900283,
name,2021:02:04,Thu,06:05:15 PM,version=0.1,walk,-3.432662,-10.26463,1.900283,
name,2021:02:04,Thu,06:05:15 PM,version=0.1,walk,-3.432662,-10.26463,1.900283,
name,2021:02:04,Thu,06:05:15 PM,version=0.1,walk,-3.432662,-10.26463,1.900283,
name,2021:02:04,Thu,06:05:15 PM,version=0.1,walk,-3.432662,-10.56677,1.900283,
name,2021:02:04,Thu,06:05:15 PM,version=0.1,walk,-3.432662,-10.56677,1.900283,
name,2021:02:04,Thu,06:05:15 PM,version=0.1,walk,-3.432662,-10.56677,1.900283,
name,2021:02:04,Thu,06:05:15 PM,version=0.1,walk,-3.432662,-10.56677,1.900283,
name,2021:02:04,Thu,06:05:15 PM,version=0.1,walk,-3.432662,-10.56677,1.900283,
name,2021:02:04,Thu,06:05:15 PM,version=0.1,walk,-3.432662,-10.56677,1.900283,
name,2021:02:04,Thu,06:05:15 PM,version=0.1,walk,-3.432662,-10.87285,1.900283,
name,2021:02:04,Thu,06:05:15 PM,version=0.1,walk,-3.432662,-10.87285,1.900283,
name,2021:02:04,Thu,06:05:15 PM,version=0.1,walk,-3.432662,-10.87285,1.900283,
name,2021:02:04,Thu,06:05:15 PM,version=0.1,walk,-3.432662,-10.87285,1.900283,
name,2021:02:04,Thu,06:05:15 PM,version=0.1,walk,-3.432662,-10.87285,1.900283,
name,2021:02:04,Thu,06:05:15 PM,version=0.1,walk,-3.432662,-10.87285,1.900283,
name,2021:02:04,Thu,06:05:15 PM,version=0.1,walk,-3.432662,-11.18284,1.900283,
name,2021:02:04,Thu,06:05:15 PM,version=0.1,walk,-3.432662,-11.18284,1.900283,
name,2021:02:04,Thu,06:05:15 PM,version=0.1,walk,-3.432662,-11.18284,1.900283,
name,2021:02:04,Thu,06:05:15 PM,version=0.1,walk,-3.432662,-11.18284,1.900283,
name,2021:02:04,Thu,06:05:15 PM,version=0.1,walk,-3.432662,-11.18284,1.900283,
name,2021:02:04,Thu,06:05:15 PM,version=0.1,walk,-3.432662,-11.18284,1.900283,
name,2021:02:04,Thu,06:05:15 PM,version=0.1,walk,-3.432662,-11.18284,1.900283,
name,2021:02:04,Thu,06:05:15 PM,version=0.1,walk,-3.432662,-11.49676,1.900283,
name,2021:02:04,Thu,06:05:15 PM,version=0.1,walk,-3.432662,-11.49676,1.900283,
name,2021:02:04,Thu,06:05:15 PM,version=0.1,walk,-3.432662,-11.49676,1.900283,
name,2021:02:04,Thu,06:05:15 PM,version=0.1,walk,-3.432662,-11.49676,1.900283,
name,2021:02:04,Thu,06:05:15 PM,version=0.1,walk,-3.432662,-11.49676,1.900283,
name,2021:02:04,Thu,06:05:15 PM,version=0.1,walk,-3.432662,-11.49676,1.900283,
name,2021:02:04,Thu,06:05:15 PM,version=0.1,walk,-3.432662,-11.81461,1.900283,
name,2021:02:04,Thu,06:05:15 PM,version=0.1,walk,-3.432662,-11.81461,1.900283,
name,2021:02:04,Thu,06:05:15 PM,version=0.1,walk,-3.432662,-11.81461,1.900283,
name,2021:02:04,Thu,06:05:15 PM,version=0.1,walk,-3.432662,-11.81461,1.900283,
name,2021:02:04,Thu,06:05:15 PM,version=0.1,walk,-3.432662,-11.81461,1.900283,
name,2021:02:04,Thu,06:05:15 PM,version=0.1,walk,-3.432662,-11.81461,1.900283,
name,2021:02:04,Thu,06:05:15 PM,version=0.1,walk,-3.432662,-12.13638,1.900283,
name,2021:02:04,Thu,06:05:15 PM,version=0.1,walk,-3.432662,-12.13638,1.900283,
name,2021:02:04,Thu,06:05:15 PM,version=0.1,walk,-3.432662,-12.13638,1.900283,
name,2021:02:04,Thu,06:05:15 PM,version=0.1,walk,-3.432662,-12.13638,1.900283,
name,2021:02:04,Thu,06:05:15 PM,version=0.1,walk,-3.432662,-12.13638,1.900283,
name,2021:02:04,Thu,06:05:15 PM,version=0.1,walk,-3.432662,-12.13638,1.900283,
name,2021:02:04,Thu,06:05:15 PM,version=0.1,walk,-3.432662,-12.13638,1.900283,
name,2021:02:04,Thu,06:05:15 PM,version=0.1,walk,-3.432662,-12.46207,1.900283,
name,2021:02:04,Thu,06:05:15 PM,version=0.1,walk,-3.432662,-12.46207,1.900283,
name,2021:02:04,Thu,06:05:15 PM,version=0.1,walk,-3.432662,-12.46207,1.900283,
name,2021:02:04,Thu,06:05:15 PM,version=0.1,walk,-3.432662,-12.46207,1.900283,
name,2021:02:04,Thu,06:05:15 PM,version=0.1,walk,-3.432662,-12.46207,1.900283,
name,2021:02:04,Thu,06:05:15 PM,version=0.1,walk,-3.432662,-12.46207,1.900283,
name,2021:02:04,Thu,06:05:15 PM,version=0.1,walk,-3.432662,-12.79168,1.900283,
name,2021:02:04,Thu,06:05:15 PM,version=0.1,walk,-3.432662,-12.79168,1.900283,
name,2021:02:04,Thu,06:05:15 PM,version=0.1,walk,-3.432662,-12.79168,1.900283,
name,2021:02:04,Thu,06:05:15 PM,version=0.1,walk,-3.432662,-12.79168,1.900283,
name,2021:02:04,Thu,06:05:15 PM,version=0.1,walk,-3.432662,-12.79168,1.900283,
name,2021:02:04,Thu,06:05:15 PM,version=0.1,walk,-3.432662,-12.79168,1.900283,
name,2021:02:04,Thu,06:05:15 PM,version=0.1,walk,-3.432662,-12.79168,1.900283,
name,2021:02:04,Thu,06:05:15 PM,version=0.1,walk,-3.432662,-13.12522,1.900283,
name,2021:02:04,Thu,06:05:15 PM,version=0.1,walk,-3.432662,-13.12522,1.900283,
name,2021:02:04,Thu,06:05:15 PM,version=0.1,walk,-3.432662,-13.12522,1.900283,
name,2021:02:04,Thu,06:05:15 PM,version=0.1,walk,-3.432662,-13.12522,1.900283,
name,2021:02:04,Thu,06:05:15 PM,version=0.1,walk,-3.432662,-13.12522,1.900283,
name,2021:02:04,Thu,06:05:15 PM,version=0.1,walk,-3.432662,-13.12522,1.900283,
name,2021:02:04,Thu,06:05:15 PM,version=0.1,walk,-3.432662,-13.46269,1.900283,
name,2021:02:04,Thu,06:05:15 PM,version=0.1,walk,-3.432662,-13.46269,1.900283,
name,2021:02:04,Thu,06:05:15 PM,version=0.1,walk,-3.432662,-13.46269,1.900283,
name,2021:02:04,Thu,06:05:15 PM,version=0.1,walk,-3.432662,-13.46269,1.900283,
name,2021:02:04,Thu,06:05:15 PM,version=0.1,walk,-3.432662,-13.46269,1.900283,
name,2021:02:04,Thu,06:05:15 PM,version=0.1,walk,-3.432662,-13.46269,1.900283,
name,2021:02:04,Thu,06:05:15 PM,version=0.1,walk,-3.432662,-13.46269,1.900283,
name,2021:02:04,Thu,06:05:15 PM,version=0.1,walk,-3.432662,-13.80408,1.900283,
name,2021:02:04,Thu,06:05:15 PM,version=0.1,walk,-3.432662,-13.80408,1.900283,
name,2021:02:04,Thu,06:05:15 PM,version=0.1,walk,-3.432662,-13.80408,1.900283,
name,2021:02:04,Thu,06:05:15 PM,version=0.1,walk,-3.432662,-13.80408,1.900283,
name,2021:02:04,Thu,06:05:15 PM,version=0.1,walk,-3.432662,-13.80408,1.900283,
name,2021:02:04,Thu,06:05:15 PM,version=0.1,walk,-3.432662,-13.80408,1.900283,
name,2021:02:04,Thu,06:05:15 PM,version=0.1,walk,-3.432662,-14.14939,1.900283,
name,2021:02:04,Thu,06:05:15 PM,version=0.1,walk,-3.432662,-14.14939,1.900283,
name,2021:02:04,Thu,06:05:15 PM,version=0.1,walk,-3.432662,-14.14939,1.900283,
name,2021:02:04,Thu,06:05:15 PM,version=0.1,walk,-3.432662,-14.14939,1.900283,
name,2021:02:04,Thu,06:05:15 PM,version=0.1,walk,-3.432662,-14.14939,1.900283,
name,2021:02:04,Thu,06:05:15 PM,version=0.1,walk,-3.432662,-14.14939,1.900283,
name,2021:02:04,Thu,06:05:15 PM,version=0.1,walk,-3.432662,-14.14939,1.900283,
name,2021:02:04,Thu,06:05:15 PM,version=0.1,walk,-3.432662,-14.49862,1.900283,
name,2021:02:04,Thu,06:05:15 PM,version=0.1,walk,-3.432662,-14.49862,1.900283,
name,2021:02:04,Thu,06:05:15 PM,version=0.1,walk,-3.432662,-14.49862,1.900283,
name,2021:02:04,Thu,06:05:15 PM,version=0.1,walk,-3.432662,-14.49862,1.900283,
name,2021:02:04,Thu,06:05:15 PM,version=0.1,walk,-3.432662,-14.49862,1.900283,
name,2021:02:04,Thu,06:05:15 PM,version=0.1,walk,-3.432662,-14.49862,1.900283,
name,2021:02:04,Thu,06:05:15 PM,version=0.1,walk,-3.432662,-14.85178,1.900283,
name,2021:02:04,Thu,06:05:15 PM,version=0.1,walk,-3.432662,-14.85178,1.900283,
name,2021:02:04,Thu,06:05:15 PM,version=0.1,walk,-3.432662,-14.85178,1.900283,
name,2021:02:04,Thu,06:05:15 PM,version=0.1,walk,-3.432662,-14.85178,1.900283,
name,2021:02:04,Thu,06:05:15 PM,version=0.1,walk,-3.432662,-14.85178,1.900283,
name,2021:02:04,Thu,06:05:15 PM,version=0.1,walk,-3.432662,-14.85178,1.900283,
name,2021:02:04,Thu,06:05:15 PM,version=0.1,walk,-3.432662,-15.20887,1.900283,
name,2021:02:04,Thu,06:05:15 PM,version=0.1,walk,-3.432662,-15.20887,1.900283,
name,2021:02:04,Thu,06:05:15 PM,version=0.1,walk,-3.432662,-15.20887,1.900283,
name,2021:02:04,Thu,06:05:15 PM,version=0.1,walk,-3.432662,-15.20887,1.900283,
name,2021:02:04,Thu,06:05:15 PM,version=0.1,walk,-3.432662,-15.20887,1.900283,
name,2021:02:04,Thu,06:05:15 PM,version=0.1,walk,-3.432662,-15.20887,1.900283,
name,2021:02:04,Thu,06:05:15 PM,version=0.1,walk,-3.432662,-15.56988,1.900283,
name,2021:02:04,Thu,06:05:15 PM,version=0.1,walk,-3.432662,-15.56988,1.900283,
name,2021:02:04,Thu,06:05:15 PM,version=0.1,walk,-3.432662,-15.56988,1.900283,
name,2021:02:04,Thu,06:05:15 PM,version=0.1,walk,-3.432662,-15.56988,1.900283,
name,2021:02:04,Thu,06:05:15 PM,version=0.1,walk,-3.432662,-15.56988,1.900283,
name,2021:02:04,Thu,06:05:15 PM,version=0.1,walk,-3.432662,-15.56988,1.900283,
name,2021:02:04,Thu,06:05:15 PM,version=0.1,walk,-3.432662,-15.93481,1.900283,
name,2021:02:04,Thu,06:05:15 PM,version=0.1,walk,-3.432662,-15.93481,1.900283,
name,2021:02:04,Thu,06:05:15 PM,version=0.1,walk,-3.432662,-15.93481,1.900283,
name,2021:02:04,Thu,06:05:15 PM,version=0.1,walk,-3.432662,-15.93481,1.900283,
name,2021:02:04,Thu,06:05:15 PM,version=0.1,walk,-3.432662,-15.93481,1.900283,
name,2021:02:04,Thu,06:05:15 PM,version=0.1,walk,-3.432662,-15.93481,1.900283,
name,2021:02:04,Thu,06:05:15 PM,version=0.1,walk,-3.432662,-15.93481,1.900283,
name,2021:02:04,Thu,06:05:15 PM,version=0.1,walk,-3.432662,-16.30367,1.900283,
name,2021:02:04,Thu,06:05:15 PM,version=0.1,walk,-3.432662,-16.30367,1.900283,
name,2021:02:04,Thu,06:05:15 PM,version=0.1,walk,-3.432662,-16.30367,1.900283,
name,2021:02:04,Thu,06:05:15 PM,version=0.1,walk,-3.432662,-16.30367,1.900283,
name,2021:02:04,Thu,06:05:15 PM,version=0.1,walk,-3.432662,-16.30367,1.900283,
name,2021:02:04,Thu,06:05:15 PM,version=0.1,walk,-3.432662,-16.30367,1.900283,
name,2021:02:04,Thu,06:05:15 PM,version=0.1,walk,-3.432662,-16.67645,1.900283,
name,2021:02:04,Thu,06:05:15 PM,version=0.1,walk,-3.432662,-16.67645,1.900283,
name,2021:02:04,Thu,06:05:15 PM,version=0.1,walk,-3.432662,-16.67645,1.900283,
name,2021:02:04,Thu,06:05:15 PM,version=0.1,walk,-3.432662,-16.67645,1.900283,
name,2021:02:04,Thu,06:05:15 PM,version=0.1,walk,-3.432662,-16.67645,1.900283,
name,2021:02:04,Thu,06:05:15 PM,version=0.1,walk,-3.432662,-16.67645,1.900283,
name,2021:02:04,Thu,06:05:15 PM,version=0.1,walk,-3.432662,-17.05315,1.900283,
name,2021:02:04,Thu,06:05:15 PM,version=0.1,walk,-3.432662,-17.05315,1.900283,
name,2021:02:04,Thu,06:05:15 PM,version=0.1,walk,-3.432662,-17.05315,1.900283,
name,2021:02:04,Thu,06:05:15 PM,version=0.1,walk,-3.432662,-17.05315,1.900283,
name,2021:02:04,Thu,06:05:15 PM,version=0.1,walk,-3.432662,-17.05315,1.900283,
name,2021:02:04,Thu,06:05:15 PM,version=0.1,walk,-3.432662,-17.05315,1.900283,
name,2021:02:04,Thu,06:05:15 PM,version=0.1,walk,-3.432662,-17.05315,1.900283,
name,2021:02:04,Thu,06:05:15 PM,version=0.1,walk,-3.432662,-17.43378,1.900283,
name,2021:02:04,Thu,06:05:15 PM,version=0.1,walk,-3.432662,-17.43378,1.900283,
name,2021:02:04,Thu,06:05:15 PM,version=0.1,walk,-3.432662,-17.43378,1.900283,
name,2021:02:04,Thu,06:05:15 PM,version=0.1,walk,-3.432662,-17.43378,1.900283,
name,2021:02:04,Thu,06:05:15 PM,version=0.1,walk,-3.432662,-17.43378,1.900283,
name,2021:02:04,Thu,06:05:15 PM,version=0.1,walk,-3.432662,-17.43378,1.900283,
name,2021:02:04,Thu,06:05:15 PM,version=0.1,walk,-3.432662,-17.43378,1.900283,
name,2021:02:04,Thu,06:05:15 PM,version=0.1,walk,-3.432662,-17.81833,1.900283,
name,2021:02:04,Thu,06:05:15 PM,version=0.1,walk,-3.432662,-17.81833,1.900283,
name,2021:02:04,Thu,06:05:15 PM,version=0.1,walk,-3.432662,-17.81833,1.900283,
name,2021:02:04,Thu,06:05:15 PM,version=0.1,walk,-3.432662,-17.81833,1.900283,
name,2021:02:04,Thu,06:05:15 PM,version=0.1,walk,-3.432662,-17.81833,1.900283,
name,2021:02:04,Thu,06:05:15 PM,version=0.1,walk,-3.432662,-17.81833,1.900283,
name,2021:02:04,Thu,06:05:15 PM,version=0.1,walk,-3.432662,-18.2068,1.900283,
name,2021:02:04,Thu,06:05:15 PM,version=0.1,walk,-3.432662,-18.2068,1.900283,
name,2021:02:04,Thu,06:05:15 PM,version=0.1,walk,-3.432662,-18.2068,1.900283,
name,2021:02:04,Thu,06:05:15 PM,version=0.1,walk,-3.432662,-18.2068,1.900283,
name,2021:02:04,Thu,06:05:15 PM,version=0.1,walk,-3.432662,-18.2068,1.900283,
name,2021:02:04,Thu,06:05:15 PM,version=0.1,walk,-3.432662,-18.2068,1.900283,
name,2021:02:04,Thu,06:05:15 PM,version=0.1,walk,-3.432662,-18.2068,1.900283,
name,2021:02:04,Thu,06:05:15 PM,version=0.1,walk,-3.432662,-18.59921,1.900283,
name,2021:02:04,Thu,06:05:15 PM,version=0.1,walk,-3.432662,-18.59921,1.900283,
name,2021:02:04,Thu,06:05:15 PM,version=0.1,walk,-3.432662,-18.59921,1.900283,
name,2021:02:04,Thu,06:05:15 PM,version=0.1,walk,-3.432662,-18.59921,1.900283,
name,2021:02:04,Thu,06:05:15 PM,version=0.1,walk,-3.432662,-18.59921,1.900283,
name,2021:02:04,Thu,06:05:15 PM,version=0.1,walk,-3.432662,-18.59921,1.900283,
name,2021:02:04,Thu,06:05:15 PM,version=0.1,walk,-3.432662,-18.99553,1.900283,
name,2021:02:04,Thu,06:05:15 PM,version=0.1,walk,-3.432662,-18.99553,1.900283,
name,2021:02:04,Thu,06:05:15 PM,version=0.1,walk,-3.432662,-18.99553,1.900283,
name,2021:02:04,Thu,06:05:15 PM,version=0.1,walk,-3.432662,-18.99553,1.900283,
name,2021:02:04,Thu,06:05:15 PM,version=0.1,walk,-3.432662,-18.99553,1.900283,
name,2021:02:04,Thu,06:05:15 PM,version=0.1,walk,-3.432662,-18.99553,1.900283,
name,2021:02:04,Thu,06:05:15 PM,version=0.1,walk,-3.432662,-19.39578,1.900283,
name,2021:02:04,Thu,06:05:15 PM,version=0.1,walk,-3.432662,-19.39578,1.900283,
name,2021:02:04,Thu,06:05:15 PM,version=0.1,walk,-3.432662,-19.39578,1.900283,
name,2021:02:04,Thu,06:05:15 PM,version=0.1,walk,-3.432662,-19.39578,1.900283,
name,2021:02:04,Thu,06:05:15 PM,version=0.1,walk,-3.432662,-19.39578,1.900283,
name,2021:02:04,Thu,06:05:15 PM,version=0.1,walk,-3.432662,-19.39578,1.900283,
name,2021:02:04,Thu,06:05:15 PM,version=0.1,walk,-3.432662,-19.39578,1.900283,
name,2021:02:04,Thu,06:05:15 PM,version=0.1,walk,-3.432662,-19.79995,1.900283,
name,2021:02:04,Thu,06:05:15 PM,version=0.1,walk,-3.432662,-19.79995,1.900283,
name,2021:02:04,Thu,06:05:15 PM,version=0.1,walk,-3.432662,-19.79995,1.900283,
name,2021:02:04,Thu,06:05:15 PM,version=0.1,walk,-3.432662,-19.79995,1.900283,
name,2021:02:04,Thu,06:05:15 PM,version=0.1,walk,-3.432662,-19.79995,1.900283,
name,2021:02:04,Thu,06:05:15 PM,version=0.1,walk,-3.432662,-19.79995,1.900283,
name,2021:02:04,Thu,06:05:15 PM,version=0.1,walk,-3.432662,-20.20805,1.900283,
name,2021:02:04,Thu,06:05:15 PM,version=0.1,walk,-3.432662,-20.20805,1.900283,
name,2021:02:04,Thu,06:05:15 PM,version=0.1,walk,-3.432662,-20.20805,1.900283,
name,2021:02:04,Thu,06:05:15 PM,version=0.1,walk,-3.432662,-20.20805,1.900283,
name,2021:02:04,Thu,06:05:15 PM,version=0.1,walk,-3.432662,-20.20805,1.900283,
name,2021:02:04,Thu,06:05:16 PM,version=0.1,walk,-3.432662,-20.20805,1.900283,
name,2021:02:04,Thu,06:05:16 PM,version=0.1,walk,-3.432662,-20.62007,1.900283,
name,2021:02:04,Thu,06:05:16 PM,version=0.1,walk,-3.432662,-20.62007,1.900283,
name,2021:02:04,Thu,06:05:16 PM,version=0.1,walk,-3.432662,-20.62007,1.900283,
name,2021:02:04,Thu,06:05:16 PM,version=0.1,walk,-3.432662,-20.62007,1.900283,
name,2021:02:04,Thu,06:05:16 PM,version=0.1,walk,-3.432662,-20.62007,1.900283,
name,2021:02:04,Thu,06:05:16 PM,version=0.1,walk,-3.432662,-20.62007,1.900283,
name,2021:02:04,Thu,06:05:16 PM,version=0.1,walk,-3.432662,-20.62007,1.900283,
name,2021:02:04,Thu,06:05:16 PM,version=0.1,walk,-3.432662,-21.03601,1.900283,
name,2021:02:04,Thu,06:05:16 PM,version=0.1,walk,-3.432662,-21.03601,1.900283,
name,2021:02:04,Thu,06:05:16 PM,version=0.1,walk,-3.432662,-21.03601,1.900283,
name,2021:02:04,Thu,06:05:16 PM,version=0.1,walk,-3.432662,-21.03601,1.900283,
name,2021:02:04,Thu,06:05:16 PM,version=0.1,walk,-3.432662,-21.03601,1.900283,
name,2021:02:04,Thu,06:05:16 PM,version=0.1,walk,-3.432662,-21.45588,1.900283,
name,2021:02:04,Thu,06:05:16 PM,version=0.1,walk,-3.432662,-21.45588,1.900283,
name,2021:02:04,Thu,06:05:16 PM,version=0.1,walk,-3.432662,-21.45588,1.900283,
name,2021:02:04,Thu,06:05:16 PM,version=0.1,walk,-3.432662,-21.45588,1.900283,
name,2021:02:04,Thu,06:05:16 PM,version=0.1,walk,-3.432662,-21.45588,1.900283,
name,2021:02:04,Thu,06:05:16 PM,version=0.1,walk,-3.432662,-21.45588,1.900283,
name,2021:02:04,Thu,06:05:16 PM,version=0.1,walk,-3.432662,-21.87967,1.900283,
name,2021:02:04,Thu,06:05:16 PM,version=0.1,walk,-3.432662,-21.87967,1.900283,
name,2021:02:04,Thu,06:05:16 PM,version=0.1,walk,-3.432662,-21.87967,1.900283,
name,2021:02:04,Thu,06:05:16 PM,version=0.1,walk,-3.432662,-21.87967,1.900283,
name,2021:02:04,Thu,06:05:16 PM,version=0.1,walk,-3.432662,-21.87967,1.900283,
name,2021:02:04,Thu,06:05:16 PM,version=0.1,walk,-3.432662,-21.87967,1.900283,
name,2021:02:04,Thu,06:05:16 PM,version=0.1,walk,-3.432662,-22.30738,1.900283,
name,2021:02:04,Thu,06:05:16 PM,version=0.1,walk,-3.432662,-22.30738,1.900283,
name,2021:02:04,Thu,06:05:16 PM,version=0.1,walk,-3.432662,-22.30738,1.900283,
name,2021:02:04,Thu,06:05:16 PM,version=0.1,walk,-3.432662,-22.30738,1.900283,
name,2021:02:04,Thu,06:05:16 PM,version=0.1,walk,-3.432662,-22.30738,1.900283,
name,2021:02:04,Thu,06:05:16 PM,version=0.1,walk,-3.432662,-22.30738,1.900283,
name,2021:02:04,Thu,06:05:16 PM,version=0.1,walk,-3.432662,-22.30738,1.900283,
name,2021:02:04,Thu,06:05:16 PM,version=0.1,walk,-3.432662,-22.73903,1.900283,
name,2021:02:04,Thu,06:05:16 PM,version=0.1,walk,-3.432662,-22.73903,1.900283,
name,2021:02:04,Thu,06:05:16 PM,version=0.1,walk,-3.432662,-22.73903,1.900283,
name,2021:02:04,Thu,06:05:16 PM,version=0.1,walk,-3.432662,-22.73903,1.900283,
name,2021:02:04,Thu,06:05:16 PM,version=0.1,walk,-3.432662,-22.73903,1.900283,
name,2021:02:04,Thu,06:05:16 PM,version=0.1,walk,-3.432662,-22.73903,1.900283,
name,2021:02:04,Thu,06:05:16 PM,version=0.1,walk,-3.432662,-23.17459,1.900283,
name,2021:02:04,Thu,06:05:16 PM,version=0.1,walk,-3.432662,-23.17459,1.900283,
name,2021:02:04,Thu,06:05:16 PM,version=0.1,walk,-3.432662,-23.17459,1.900283,
name,2021:02:04,Thu,06:05:16 PM,version=0.1,walk,-3.432662,-23.17459,1.900283,
name,2021:02:04,Thu,06:05:16 PM,version=0.1,walk,-3.432662,-23.17459,1.900283,
name,2021:02:04,Thu,06:05:16 PM,version=0.1,walk,-3.432662,-23.17459,1.900283,
name,2021:02:04,Thu,06:05:16 PM,version=0.1,walk,-3.432662,-23.61408,1.900283,
name,2021:02:04,Thu,06:05:16 PM,version=0.1,walk,-3.432662,-23.61408,1.900283,
name,2021:02:04,Thu,06:05:16 PM,version=0.1,walk,-3.432662,-23.61408,1.900283,
name,2021:02:04,Thu,06:05:16 PM,version=0.1,walk,-3.432662,-23.61408,1.900283,
name,2021:02:04,Thu,06:05:16 PM,version=0.1,walk,-3.432662,-23.61408,1.900283,
name,2021:02:04,Thu,06:05:16 PM,version=0.1,walk,-3.432662,-23.61408,1.900283,
name,2021:02:04,Thu,06:05:16 PM,version=0.1,walk,-3.432662,-24.05749,1.900283,
name,2021:02:04,Thu,06:05:16 PM,version=0.1,walk,-3.432662,-24.05749,1.900283,
name,2021:02:04,Thu,06:05:16 PM,version=0.1,walk,-3.432662,-24.05749,1.900283,
name,2021:02:04,Thu,06:05:16 PM,version=0.1,walk,-3.432662,-24.05749,1.900283,
name,2021:02:04,Thu,06:05:16 PM,version=0.1,walk,-3.432662,-24.05749,1.900283,
name,2021:02:04,Thu,06:05:16 PM,version=0.1,walk,-3.432662,-24.05749,1.900283,
name,2021:02:04,Thu,06:05:16 PM,version=0.1,walk,-3.432662,-24.05749,1.900283,
name,2021:02:04,Thu,06:05:16 PM,version=0.1,walk,-3.432662,-24.50483,1.900283,
name,2021:02:04,Thu,06:05:16 PM,version=0.1,walk,-3.432662,-24.50483,1.900283,
name,2021:02:04,Thu,06:05:16 PM,version=0.1,walk,-3.432662,-24.50483,1.900283,
name,2021:02:04,Thu,06:05:16 PM,version=0.1,walk,-3.432662,-24.50483,1.900283,
name,2021:02:04,Thu,06:05:16 PM,version=0.1,walk,-3.432662,-24.50483,1.900283,
name,2021:02:04,Thu,06:05:16 PM,version=0.1,walk,-3.432662,-24.50483,1.900283,
name,2021:02:04,Thu,06:05:16 PM,version=0.1,walk,-3.432662,-24.95609,1.900283,
name,2021:02:04,Thu,06:05:16 PM,version=0.1,walk,-3.432662,-24.95609,1.900283,
name,2021:02:04,Thu,06:05:16 PM,version=0.1,walk,-3.432662,-24.95609,1.900283,
name,2021:02:04,Thu,06:05:16 PM,version=0.1,walk,-3.432662,-24.95609,1.900283,
name,2021:02:04,Thu,06:05:16 PM,version=0.1,walk,-3.432662,-24.95609,1.900283,
name,2021:02:04,Thu,06:05:16 PM,version=0.1,walk,-3.432662,-24.95609,1.900283,
name,2021:02:04,Thu,06:05:16 PM,version=0.1,walk,-3.432662,-25.41127,1.900283,
name,2021:02:04,Thu,06:05:16 PM,version=0.1,walk,-3.432662,-25.41127,1.900283,
name,2021:02:04,Thu,06:05:16 PM,version=0.1,walk,-3.432662,-25.41127,1.900283,
name,2021:02:04,Thu,06:05:16 PM,version=0.1,walk,-3.432662,-25.41127,1.900283,
name,2021:02:04,Thu,06:05:16 PM,version=0.1,walk,-3.432662,-25.41127,1.900283,
name,2021:02:04,Thu,06:05:16 PM,version=0.1,walk,-3.432662,-25.87038,1.900283,
name,2021:02:04,Thu,06:05:16 PM,version=0.1,walk,-3.432662,-25.87038,1.900283,
name,2021:02:04,Thu,06:05:16 PM,version=0.1,walk,-3.432662,-25.87038,1.900283,
name,2021:02:04,Thu,06:05:16 PM,version=0.1,walk,-3.432662,-25.87038,1.900283,
name,2021:02:04,Thu,06:05:16 PM,version=0.1,walk,-3.432662,-25.87038,1.900283,
name,2021:02:04,Thu,06:05:16 PM,version=0.1,walk,-3.432662,-25.87038,1.900283,
name,2021:02:04,Thu,06:05:16 PM,version=0.1,walk,-3.432662,-26.33341,1.900283,
name,2021:02:04,Thu,06:05:16 PM,version=0.1,walk,-3.432662,-26.33341,1.900283,
name,2021:02:04,Thu,06:05:16 PM,version=0.1,walk,-3.432662,-26.33341,1.900283,
name,2021:02:04,Thu,06:05:16 PM,version=0.1,walk,-3.432662,-26.33341,1.900283,
name,2021:02:04,Thu,06:05:16 PM,version=0.1,walk,-3.432662,-26.33341,1.900283,
name,2021:02:04,Thu,06:05:16 PM,version=0.1,walk,-3.432662,-26.33341,1.900283,
name,2021:02:04,Thu,06:05:16 PM,version=0.1,walk,-3.432662,-26.80036,1.900283,
name,2021:02:04,Thu,06:05:16 PM,version=0.1,walk,-3.432662,-26.80036,1.900283,
name,2021:02:04,Thu,06:05:16 PM,version=0.1,walk,-3.432662,-26.80036,1.900283,
name,2021:02:04,Thu,06:05:16 PM,version=0.1,walk,-3.432662,-26.80036,1.900283,
name,2021:02:04,Thu,06:05:16 PM,version=0.1,walk,-3.432662,-26.80036,1.900283,
name,2021:02:04,Thu,06:05:16 PM,version=0.1,walk,-3.432662,-26.80036,1.900283,
name,2021:02:04,Thu,06:05:16 PM,version=0.1,walk,-3.432662,-26.80036,1.900283,
name,2021:02:04,Thu,06:05:16 PM,version=0.1,walk,-3.432662,-27.27124,1.900283,
name,2021:02:04,Thu,06:05:16 PM,version=0.1,walk,-3.432662,-27.27124,1.900283,
name,2021:02:04,Thu,06:05:16 PM,version=0.1,walk,-3.432662,-27.27124,1.900283,
name,2021:02:04,Thu,06:05:16 PM,version=0.1,walk,-3.432662,-27.27124,1.900283,
name,2021:02:04,Thu,06:05:16 PM,version=0.1,walk,-3.432662,-27.27124,1.900283,
name,2021:02:04,Thu,06:05:16 PM,version=0.1,walk,-3.432662,-27.27124,1.900283,
name,2021:02:04,Thu,06:05:16 PM,version=0.1,walk,-3.432662,-27.74605,1.900283,
name,2021:02:04,Thu,06:05:16 PM,version=0.1,walk,-3.432662,-27.74605,1.900283,
name,2021:02:04,Thu,06:05:16 PM,version=0.1,walk,-3.432662,-27.74605,1.900283,
name,2021:02:04,Thu,06:05:16 PM,version=0.1,walk,-3.432662,-27.74605,1.900283,
name,2021:02:04,Thu,06:05:16 PM,version=0.1,walk,-3.432662,-27.74605,1.900283,
name,2021:02:04,Thu,06:05:16 PM,version=0.1,walk,-3.432662,-27.74605,1.900283,
name,2021:02:04,Thu,06:05:16 PM,version=0.1,walk,-3.432662,-28.22478,1.900283,
name,2021:02:04,Thu,06:05:16 PM,version=0.1,walk,-3.432662,-28.22478,1.900283,
name,2021:02:04,Thu,06:05:16 PM,version=0.1,walk,-3.432662,-28.22478,1.900283,
name,2021:02:04,Thu,06:05:16 PM,version=0.1,walk,-3.432662,-28.22478,1.900283,
name,2021:02:04,Thu,06:05:16 PM,version=0.1,walk,-3.432662,-28.22478,1.900283,
name,2021:02:04,Thu,06:05:16 PM,version=0.1,walk,-3.432662,-28.22478,1.900283,
name,2021:02:04,Thu,06:05:16 PM,version=0.1,walk,-3.432662,-28.22478,1.900283,
name,2021:02:04,Thu,06:05:16 PM,version=0.1,walk,-3.432662,-28.70743,1.900283,
name,2021:02:04,Thu,06:05:16 PM,version=0.1,walk,-3.432662,-28.70743,1.900283,
name,2021:02:04,Thu,06:05:16 PM,version=0.1,walk,-3.432662,-28.70743,1.900283,
name,2021:02:04,Thu,06:05:16 PM,version=0.1,walk,-3.432662,-28.70743,1.900283,
name,2021:02:04,Thu,06:05:16 PM,version=0.1,walk,-3.432662,-28.70743,1.900283,
name,2021:02:04,Thu,06:05:16 PM,version=0.1,walk,-3.432662,-28.70743,1.900283,
name,2021:02:04,Thu,06:05:16 PM,version=0.1,walk,-3.432662,-29.194,1.900283,
name,2021:02:04,Thu,06:05:16 PM,version=0.1,walk,-3.432662,-29.194,1.900283,
name,2021:02:04,Thu,06:05:16 PM,version=0.1,walk,-3.432662,-29.194,1.900283,
name,2021:02:04,Thu,06:05:16 PM,version=0.1,walk,-3.432662,-29.194,1.900283,
name,2021:02:04,Thu,06:05:16 PM,version=0.1,walk,-3.432662,-29.194,1.900283,
name,2021:02:04,Thu,06:05:16 PM,version=0.1,walk,-3.432662,-29.194,1.900283,
name,2021:02:04,Thu,06:05:16 PM,version=0.1,walk,-3.432662,-29.194,1.900283,
name,2021:02:04,Thu,06:05:16 PM,version=0.1,walk,-3.432662,-29.6845,1.900283,
name,2021:02:04,Thu,06:05:16 PM,version=0.1,walk,-3.432662,-29.6845,1.900283,
name,2021:02:04,Thu,06:05:16 PM,version=0.1,walk,-3.432662,-29.6845,1.900283,
name,2021:02:04,Thu,06:05:16 PM,version=0.1,walk,-3.432662,-29.6845,1.900283,
name,2021:02:04,Thu,06:05:16 PM,version=0.1,walk,-3.432662,-29.6845,1.900283,
name,2021:02:04,Thu,06:05:16 PM,version=0.1,walk,-3.432662,-29.6845,1.900283,
name,2021:02:04,Thu,06:05:16 PM,version=0.1,walk,-3.432662,-30.17893,1.900283,
name,2021:02:04,Thu,06:05:16 PM,version=0.1,walk,-3.432662,-30.17893,1.900283,
name,2021:02:04,Thu,06:05:16 PM,version=0.1,walk,-3.432662,-30.17893,1.900283,
name,2021:02:04,Thu,06:05:16 PM,version=0.1,walk,-3.432662,-30.17893,1.900283,
name,2021:02:04,Thu,06:05:16 PM,version=0.1,walk,-3.432662,-30.17893,1.900283,
name,2021:02:04,Thu,06:05:16 PM,version=0.1,walk,-3.432662,-30.17893,1.900283,
name,2021:02:04,Thu,06:05:16 PM,version=0.1,walk,-3.432662,-30.17893,1.900283,
name,2021:02:04,Thu,06:05:16 PM,version=0.1,walk,-3.432662,-30.67727,1.900283,
name,2021:02:04,Thu,06:05:16 PM,version=0.1,walk,-3.432662,-30.67727,1.900283,
name,2021:02:04,Thu,06:05:16 PM,version=0.1,walk,-3.432662,-30.67727,1.900283,
name,2021:02:04,Thu,06:05:16 PM,version=0.1,walk,-3.432662,-30.67727,1.900283,
name,2021:02:04,Thu,06:05:16 PM,version=0.1,walk,-3.432662,-30.67727,1.900283,
name,2021:02:04,Thu,06:05:16 PM,version=0.1,walk,-3.432662,-30.67727,1.900283,
name,2021:02:04,Thu,06:05:16 PM,version=0.1,walk,-3.432662,-31.17955,1.900283,
name,2021:02:04,Thu,06:05:16 PM,version=0.1,walk,-3.432662,-31.17955,1.900283,
name,2021:02:04,Thu,06:05:16 PM,version=0.1,walk,-3.432662,-31.17955,1.900283,
name,2021:02:04,Thu,06:05:16 PM,version=0.1,walk,-3.432662,-31.17955,1.900283,
name,2021:02:04,Thu,06:05:16 PM,version=0.1,walk,-3.432662,-31.17955,1.900283,
name,2021:02:04,Thu,06:05:16 PM,version=0.1,walk,-3.432662,-31.17955,1.900283,
name,2021:02:04,Thu,06:05:16 PM,version=0.1,walk,-3.432662,-31.17955,1.900283,
name,2021:02:04,Thu,06:05:16 PM,version=0.1,walk,-3.432662,-31.68574,1.900283,
name,2021:02:04,Thu,06:05:16 PM,version=0.1,walk,-3.432662,-31.68574,1.900283,
name,2021:02:04,Thu,06:05:16 PM,version=0.1,walk,-3.432662,-31.68574,1.900283,
name,2021:02:04,Thu,06:05:16 PM,version=0.1,walk,-3.432662,-31.68574,1.900283,
name,2021:02:04,Thu,06:05:16 PM,version=0.1,walk,-3.432662,-31.68574,1.900283,
name,2021:02:04,Thu,06:05:16 PM,version=0.1,walk,-3.432662,-31.68574,1.900283,
name,2021:02:04,Thu,06:05:16 PM,version=0.1,walk,-3.432662,-31.68574,1.900283,
name,2021:02:04,Thu,06:05:16 PM,version=0.1,walk,-3.432662,-32.19586,1.900283,
name,2021:02:04,Thu,06:05:16 PM,version=0.1,walk,-3.432662,-32.19586,1.900283,
name,2021:02:04,Thu,06:05:16 PM,version=0.1,walk,-3.432662,-32.19586,1.900283,
name,2021:02:04,Thu,06:05:16 PM,version=0.1,walk,-3.432662,-32.19586,1.900283,
name,2021:02:04,Thu,06:05:16 PM,version=0.1,walk,-3.432662,-32.19586,1.900283,
name,2021:02:04,Thu,06:05:16 PM,version=0.1,walk,-3.432662,-32.19586,1.900283,
name,2021:02:04,Thu,06:05:16 PM,version=0.1,walk,-3.432662,-32.7099,1.900283,
name,2021:02:04,Thu,06:05:16 PM,version=0.1,walk,-3.432662,-32.7099,1.900283,
name,2021:02:04,Thu,06:05:16 PM,version=0.1,walk,-3.432662,-32.7099,1.900283,
name,2021:02:04,Thu,06:05:16 PM,version=0.1,walk,-3.432662,-32.7099,1.900283,
name,2021:02:04,Thu,06:05:16 PM,version=0.1,walk,-3.432662,-32.7099,1.900283,
name,2021:02:04,Thu,06:05:16 PM,version=0.1,walk,-3.432662,-32.7099,1.900283,
name,2021:02:04,Thu,06:05:16 PM,version=0.1,walk,-3.432662,-33.22787,1.900283,
name,2021:02:04,Thu,06:05:16 PM,version=0.1,walk,-3.432662,-33.22787,1.900283,
name,2021:02:04,Thu,06:05:16 PM,version=0.1,walk,-3.432662,-33.22787,1.900283,
name,2021:02:04,Thu,06:05:16 PM,version=0.1,walk,-3.432662,-33.22787,1.900283,
name,2021:02:04,Thu,06:05:16 PM,version=0.1,walk,-3.432662,-33.22787,1.900283,
name,2021:02:04,Thu,06:05:16 PM,version=0.1,walk,-3.432662,-33.22787,1.900283,
name,2021:02:04,Thu,06:05:16 PM,version=0.1,walk,-3.432662,-33.22787,1.900283,
name,2021:02:04,Thu,06:05:16 PM,version=0.1,walk,-3.432662,-33.74976,1.900283,
name,2021:02:04,Thu,06:05:16 PM,version=0.1,walk,-3.432662,-33.74976,1.900283,
name,2021:02:04,Thu,06:05:16 PM,version=0.1,walk,-3.432662,-33.74976,1.900283,
name,2021:02:04,Thu,06:05:16 PM,version=0.1,walk,-3.432662,-33.74976,1.900283,
name,2021:02:04,Thu,06:05:16 PM,version=0.1,walk,-3.432662,-33.74976,1.900283,
name,2021:02:04,Thu,06:05:16 PM,version=0.1,walk,-3.432662,-33.74976,1.900283,
name,2021:02:04,Thu,06:05:16 PM,version=0.1,walk,-3.432662,-34.27558,1.900283,
name,2021:02:04,Thu,06:05:16 PM,version=0.1,walk,-3.432662,-34.27558,1.900283,
name,2021:02:04,Thu,06:05:16 PM,version=0.1,walk,-3.432662,-34.27558,1.900283,
name,2021:02:04,Thu,06:05:16 PM,version=0.1,walk,-3.432662,-34.27558,1.900283,
name,2021:02:04,Thu,06:05:16 PM,version=0.1,walk,-3.432662,-34.27558,1.900283,
name,2021:02:04,Thu,06:05:16 PM,version=0.1,walk,-3.432662,-34.27558,1.900283,
name,2021:02:04,Thu,06:05:16 PM,version=0.1,walk,-3.432662,-34.80532,1.900283,
name,2021:02:04,Thu,06:05:16 PM,version=0.1,walk,-3.432662,-34.80532,1.900283,
name,2021:02:04,Thu,06:05:16 PM,version=0.1,walk,-3.432662,-34.80532,1.900283,
name,2021:02:04,Thu,06:05:16 PM,version=0.1,walk,-3.432662,-34.80532,1.900283,
name,2021:02:04,Thu,06:05:16 PM,version=0.1,walk,-3.432662,-34.80532,1.900283,
name,2021:02:04,Thu,06:05:16 PM,version=0.1,walk,-3.432662,-34.80532,1.900283,
name,2021:02:04,Thu,06:05:16 PM,version=0.1,walk,-3.432662,-35.33898,1.900283,
name,2021:02:04,Thu,06:05:16 PM,version=0.1,walk,-3.432662,-35.33898,1.900283,
name,2021:02:04,Thu,06:05:16 PM,version=0.1,walk,-3.432662,-35.33898,1.900283,
name,2021:02:04,Thu,06:05:16 PM,version=0.1,walk,-3.432662,-35.33898,1.900283,
name,2021:02:04,Thu,06:05:16 PM,version=0.1,walk,-3.432662,-35.33898,1.900283,
name,2021:02:04,Thu,06:05:16 PM,version=0.1,walk,-3.432662,-35.33898,1.900283,
name,2021:02:04,Thu,06:05:16 PM,version=0.1,walk,-3.432662,-35.33898,1.900283,
name,2021:02:04,Thu,06:05:16 PM,version=0.1,walk,-3.432662,-35.87657,1.900283,
name,2021:02:04,Thu,06:05:16 PM,version=0.1,walk,-3.432662,-35.87657,1.900283,
name,2021:02:04,Thu,06:05:16 PM,version=0.1,walk,-3.432662,-35.87657,1.900283,
name,2021:02:04,Thu,06:05:16 PM,version=0.1,walk,-3.432662,-35.87657,1.900283,
name,2021:02:04,Thu,06:05:16 PM,version=0.1,walk,-3.432662,-35.87657,1.900283,
name,2021:02:04,Thu,06:05:16 PM,version=0.1,walk,-3.432662,-35.87657,1.900283,
name,2021:02:04,Thu,06:05:16 PM,version=0.1,walk,-3.432662,-36.41808,1.900283,
name,2021:02:04,Thu,06:05:16 PM,version=0.1,walk,-3.432662,-36.41808,1.900283,
name,2021:02:04,Thu,06:05:16 PM,version=0.1,walk,-3.432662,-36.41808,1.900283,
name,2021:02:04,Thu,06:05:16 PM,version=0.1,walk,-3.432662,-36.41808,1.900283,
name,2021:02:04,Thu,06:05:16 PM,version=0.1,walk,-3.432662,-36.41808,1.900283,
name,2021:02:04,Thu,06:05:16 PM,version=0.1,walk,-3.432662,-36.41808,1.900283,
name,2021:02:04,Thu,06:05:16 PM,version=0.1,walk,-3.432662,-36.41808,1.900283,
name,2021:02:04,Thu,06:05:16 PM,version=0.1,walk,-3.432662,-36.96352,1.900283,
name,2021:02:04,Thu,06:05:16 PM,version=0.1,walk,-3.432662,-36.96352,1.900283,
name,2021:02:04,Thu,06:05:16 PM,version=0.1,walk,-3.432662,-36.96352,1.900283,
name,2021:02:04,Thu,06:05:16 PM,version=0.1,walk,-3.432662,-36.96352,1.900283,
name,2021:02:04,Thu,06:05:16 PM,version=0.1,walk,-3.432662,-36.96352,1.900283,
name,2021:02:04,Thu,06:05:16 PM,version=0.1,walk,-3.432662,-36.96352,1.900283,
name,2021:02:04,Thu,06:05:16 PM,version=0.1,walk,-3.432662,-37.51287,1.900283,
name,2021:02:04,Thu,06:05:16 PM,version=0.1,walk,-3.432662,-37.51287,1.900283,
name,2021:02:04,Thu,06:05:16 PM,version=0.1,walk,-3.432662,-37.51287,1.900283,
name,2021:02:04,Thu,06:05:16 PM,version=0.1,walk,-3.432662,-37.51287,1.900283,
name,2021:02:04,Thu,06:05:16 PM,version=0.1,walk,-3.432662,-37.51287,1.900283,
name,2021:02:04,Thu,06:05:16 PM,version=0.1,walk,-3.432662,-37.51287,1.900283,
name,2021:02:04,Thu,06:05:16 PM,version=0.1,walk,-3.432662,-38.06616,1.900283,
name,2021:02:04,Thu,06:05:16 PM,version=0.1,walk,-3.432662,-38.06616,1.900283,
name,2021:02:04,Thu,06:05:16 PM,version=0.1,walk,-3.432662,-38.06616,1.900283,
name,2021:02:04,Thu,06:05:16 PM,version=0.1,walk,-3.432662,-38.06616,1.900283,
name,2021:02:04,Thu,06:05:16 PM,version=0.1,walk,-3.432662,-38.06616,1.900283,
name,2021:02:04,Thu,06:05:16 PM,version=0.1,walk,-3.432662,-38.06616,1.900283,
name,2021:02:04,Thu,06:05:16 PM,version=0.1,walk,-3.432662,-38.62337,1.900283,
name,2021:02:04,Thu,06:05:16 PM,version=0.1,walk,-3.432662,-38.62337,1.900283,
name,2021:02:04,Thu,06:05:16 PM,version=0.1,walk,-3.432662,-38.62337,1.900283,
name,2021:02:04,Thu,06:05:16 PM,version=0.1,walk,-3.432662,-38.62337,1.900283,
name,2021:02:04,Thu,06:05:16 PM,version=0.1,walk,-3.432662,-38.62337,1.900283,
name,2021:02:04,Thu,06:05:16 PM,version=0.1,walk,-3.432662,-38.62337,1.900283,
name,2021:02:04,Thu,06:05:16 PM,version=0.1,walk,-3.432662,-39.1845,1.900283,
name,2021:02:04,Thu,06:05:16 PM,version=0.1,walk,-3.432662,-39.1845,1.900283,
name,2021:02:04,Thu,06:05:16 PM,version=0.1,walk,-3.432662,-39.1845,1.900283,
name,2021:02:04,Thu,06:05:16 PM,version=0.1,walk,-3.432662,-39.1845,1.900283,
name,2021:02:04,Thu,06:05:16 PM,version=0.1,walk,-3.432662,-39.1845,1.900283,
name,2021:02:04,Thu,06:05:16 PM,version=0.1,walk,-3.432662,-39.1845,1.900283,
name,2021:02:04,Thu,06:05:16 PM,version=0.1,walk,-3.432662,-39.74955,1.900283,
name,2021:02:04,Thu,06:05:16 PM,version=0.1,walk,-3.432662,-39.74955,1.900283,
name,2021:02:04,Thu,06:05:16 PM,version=0.1,walk,-3.432662,-39.74955,1.900283,
name,2021:02:04,Thu,06:05:16 PM,version=0.1,walk,-3.432662,-39.74955,1.900283,
name,2021:02:04,Thu,06:05:16 PM,version=0.1,walk,-3.432662,-39.74955,1.900283,
name,2021:02:04,Thu,06:05:16 PM,version=0.1,walk,-3.432662,-39.74955,1.900283,
name,2021:02:04,Thu,06:05:16 PM,version=0.1,walk,-3.432662,-40.31853,1.900283,
name,2021:02:04,Thu,06:05:16 PM,version=0.1,walk,-3.432662,-40.31853,1.900283,
name,2021:02:04,Thu,06:05:16 PM,version=0.1,walk,-3.432662,-40.31853,1.900283,
name,2021:02:04,Thu,06:05:16 PM,version=0.1,walk,-3.432662,-40.31853,1.900283,
name,2021:02:04,Thu,06:05:16 PM,version=0.1,walk,-3.432662,-40.31853,1.900283,
name,2021:02:04,Thu,06:05:16 PM,version=0.1,walk,-3.432662,-40.31853,1.900283,
name,2021:02:04,Thu,06:05:16 PM,version=0.1,walk,-3.432662,-40.89144,1.900283,
name,2021:02:04,Thu,06:05:16 PM,version=0.1,walk,-3.432662,-40.89144,1.900283,
name,2021:02:04,Thu,06:05:16 PM,version=0.1,walk,-3.432662,-40.89144,1.900283,
name,2021:02:04,Thu,06:05:16 PM,version=0.1,walk,-3.432662,-40.89144,1.900283,
name,2021:02:04,Thu,06:05:16 PM,version=0.1,walk,-3.432662,-40.89144,1.900283,
name,2021:02:04,Thu,06:05:16 PM,version=0.1,walk,-3.432662,-40.89144,1.900283,
name,2021:02:04,Thu,06:05:16 PM,version=0.1,walk,-3.432662,-41.46827,1.900283,
name,2021:02:04,Thu,06:05:16 PM,version=0.1,walk,-3.432662,-41.46827,1.900283,
name,2021:02:04,Thu,06:05:16 PM,version=0.1,walk,-3.432662,-41.46827,1.900283,
name,2021:02:04,Thu,06:05:16 PM,version=0.1,walk,-3.432662,-41.46827,1.900283,
name,2021:02:04,Thu,06:05:16 PM,version=0.1,walk,-3.432662,-41.46827,1.900283,
name,2021:02:04,Thu,06:05:16 PM,version=0.1,walk,-3.432662,-41.46827,1.900283,
name,2021:02:04,Thu,06:05:16 PM,version=0.1,walk,-3.432662,-42.04902,1.900283,
name,2021:02:04,Thu,06:05:16 PM,version=0.1,walk,-3.432662,-42.04902,1.900283,
name,2021:02:04,Thu,06:05:16 PM,version=0.1,walk,-3.432662,-42.04902,1.900283,
name,2021:02:04,Thu,06:05:16 PM,version=0.1,walk,-3.432662,-42.04902,1.900283,
name,2021:02:04,Thu,06:05:16 PM,version=0.1,walk,-3.432662,-42.04902,1.900283,
name,2021:02:04,Thu,06:05:16 PM,version=0.1,walk,-3.432662,-42.04902,1.900283,
name,2021:02:04,Thu,06:05:16 PM,version=0.1,walk,-3.432662,-42.04902,1.900283,
name,2021:02:04,Thu,06:05:16 PM,version=0.1,walk,-3.432662,-42.63369,1.900283,
name,2021:02:04,Thu,06:05:16 PM,version=0.1,walk,-3.432662,-42.63369,1.900283,
name,2021:02:04,Thu,06:05:16 PM,version=0.1,walk,-3.432662,-42.63369,1.900283,
name,2021:02:04,Thu,06:05:16 PM,version=0.1,walk,-3.432662,-42.63369,1.900283,
name,2021:02:04,Thu,06:05:16 PM,version=0.1,walk,-3.432662,-42.63369,1.900283,
name,2021:02:04,Thu,06:05:16 PM,version=0.1,walk,-3.432662,-42.63369,1.900283,
name,2021:02:04,Thu,06:05:16 PM,version=0.1,walk,-3.432662,-43.22229,1.900283,
name,2021:02:04,Thu,06:05:16 PM,version=0.1,walk,-3.432662,-43.22229,1.900283,
name,2021:02:04,Thu,06:05:16 PM,version=0.1,walk,-3.432662,-43.22229,1.900283,
name,2021:02:04,Thu,06:05:16 PM,version=0.1,walk,-3.432662,-43.22229,1.900283,
name,2021:02:04,Thu,06:05:16 PM,version=0.1,walk,-3.432662,-43.22229,1.900283,
name,2021:02:04,Thu,06:05:16 PM,version=0.1,walk,-3.432662,-43.22229,1.900283,
name,2021:02:04,Thu,06:05:16 PM,version=0.1,walk,-3.432662,-43.81482,1.900283,
name,2021:02:04,Thu,06:05:16 PM,version=0.1,walk,-3.432662,-43.81482,1.900283,
name,2021:02:04,Thu,06:05:16 PM,version=0.1,walk,-3.432662,-43.81482,1.900283,
name,2021:02:04,Thu,06:05:16 PM,version=0.1,walk,-3.432662,-43.81482,1.900283,
name,2021:02:04,Thu,06:05:16 PM,version=0.1,walk,-3.432662,-43.81482,1.900283,
name,2021:02:04,Thu,06:05:16 PM,version=0.1,walk,-3.432662,-43.81482,1.900283,
name,2021:02:04,Thu,06:05:16 PM,version=0.1,walk,-3.432662,-43.81482,1.900283,
name,2021:02:04,Thu,06:05:16 PM,version=0.1,walk,-3.432662,-44.41126,1.900283,
name,2021:02:04,Thu,06:05:16 PM,version=0.1,walk,-3.432662,-44.41126,1.900283,
name,2021:02:04,Thu,06:05:16 PM,version=0.1,walk,-3.432662,-44.41126,1.900283,
name,2021:02:04,Thu,06:05:16 PM,version=0.1,walk,-3.432662,-44.41126,1.900283,
name,2021:02:04,Thu,06:05:16 PM,version=0.1,walk,-3.432662,-44.41126,1.900283,
name,2021:02:04,Thu,06:05:16 PM,version=0.1,walk,-3.432662,-44.41126,1.900283,
name,2021:02:04,Thu,06:05:16 PM,version=0.1,walk,-3.432662,-45.01163,1.900283,
name,2021:02:04,Thu,06:05:16 PM,version=0.1,walk,-3.432662,-45.01163,1.900283,
name,2021:02:04,Thu,06:05:16 PM,version=0.1,walk,-3.432662,-45.01163,1.900283,
name,2021:02:04,Thu,06:05:16 PM,version=0.1,walk,-3.432662,-45.01163,1.900283,
name,2021:02:04,Thu,06:05:16 PM,version=0.1,walk,-3.432662,-45.01163,1.900283,
name,2021:02:04,Thu,06:05:16 PM,version=0.1,walk,-3.432662,-45.01163,1.900283,
name,2021:02:04,Thu,06:05:16 PM,version=0.1,walk,-3.432662,-45.01163,1.900283,
name,2021:02:04,Thu,06:05:16 PM,version=0.1,walk,-3.432662,-45.61593,1.900283,
name,2021:02:04,Thu,06:05:16 PM,version=0.1,walk,-3.432662,-45.61593,1.900283,
name,2021:02:04,Thu,06:05:17 PM,version=0.1,walk,-3.432662,-45.61593,1.900283,
name,2021:02:04,Thu,06:05:17 PM,version=0.1,walk,-3.432662,-46.22415,1.900283,
name,2021:02:04,Thu,06:05:17 PM,version=0.1,walk,-3.432662,-46.22415,1.900283,
name,2021:02:04,Thu,06:05:17 PM,version=0.1,walk,-3.432662,-46.22415,1.900283,
name,2021:02:04,Thu,06:05:17 PM,version=0.1,walk,-3.432662,-46.22415,1.900283,
name,2021:02:04,Thu,06:05:17 PM,version=0.1,walk,-3.432662,-46.83629,1.900283,
name,2021:02:04,Thu,06:05:17 PM,version=0.1,walk,-3.432662,-46.83629,1.900283,
name,2021:02:04,Thu,06:05:17 PM,version=0.1,walk,-3.432662,-46.83629,1.900283,
name,2021:02:04,Thu,06:05:17 PM,version=0.1,walk,-3.432662,-46.83629,1.900283,
name,2021:02:04,Thu,06:05:17 PM,version=0.1,walk,-3.432662,-46.83629,1.900283,
name,2021:02:04,Thu,06:05:17 PM,version=0.1,walk,-3.432662,-46.83629,1.900283,
name,2021:02:04,Thu,06:05:17 PM,version=0.1,walk,-3.432662,-47.45236,1.900283,
name,2021:02:04,Thu,06:05:17 PM,version=0.1,walk,-3.432662,-47.45236,1.900283,
name,2021:02:04,Thu,06:05:17 PM,version=0.1,walk,-3.432662,-47.45236,1.900283,
